ZIP Code,Week Number,Week Start,Week End,Cases - Weekly,Cases - Cumulative,Case Rate - Weekly,Case Rate - Cumulative,Tests - Weekly,Tests - Cumulative,Test Rate - Weekly,Test Rate - Cumulative,Percent Tested Positive - Weekly,Percent Tested Positive - Cumulative,Deaths - Weekly,Deaths - Cumulative,Death Rate - Weekly,Death Rate - Cumulative,Population,Row ID,ZIP Code Location
60601,18,43947,43953,13,51,89,347.5,71,295,484,2010.2,0.2,0.2,1,4,6.8,27.3,14675,60601-18,POINT (-87.622844 41.886262)
60601,19,43954,43960,6,57,41,388.4,77,372,525,2534.9,0.1,0.2,1,5,6.8,34.1,14675,60601-19,POINT (-87.622844 41.886262)
60601,14,43919,43925,4,26,27,177.2,21,100,143,681.4,0.2,0.3,0,0,0,0,14675,60601-14,POINT (-87.622844 41.886262)
60601,23,43982,43988,1,63,7,429.3,72,694,491,4729.1,0,0.1,1,6,6.8,40.9,14675,60601-23,POINT (-87.622844 41.886262)
60601,22,43975,43981,1,62,7,422.5,91,622,620,4238.5,0,0.1,0,5,0,34.1,14675,60601-22,POINT (-87.622844 41.886262)
60601,15,43926,43932,4,30,27,204.4,37,137,252,933.6,0.1,0.2,1,1,6.8,6.8,14675,60601-15,POINT (-87.622844 41.886262)
60601,16,43933,43939,3,33,20,224.9,41,178,279,1212.9,0.1,0.2,1,2,6.8,13.6,14675,60601-16,POINT (-87.622844 41.886262)
60601,21,43968,43974,2,61,14,415.7,80,531,545,3618.4,0,0.1,0,5,0,34.1,14675,60601-21,POINT (-87.622844 41.886262)
60601,12,43905,43911,9,13,61,88.6,32,40,218,272.6,0.3,0.3,0,0,0,0,14675,60601-12,POINT (-87.622844 41.886262)
60601,25,43996,44002,3,69,20,470.2,93,881,634,6003.4,0,0.1,0,6,0,40.9,14675,60601-25,POINT (-87.622844 41.886262)
60601,20,43961,43967,2,59,14,402,79,451,538,3073.3,0,0.1,0,5,0,34.1,14675,60601-20,POINT (-87.622844 41.886262)
60601,17,43940,43946,5,38,34,258.9,46,224,314,1526.4,0.1,0.2,1,3,6.8,20.4,14675,60601-17,POINT (-87.622844 41.886262)
60601,24,43989,43995,3,66,20,449.7,94,788,640,5369.7,0,0.1,0,6,0,40.9,14675,60601-24,POINT (-87.622844 41.886262)
60601,13,43912,43918,9,22,61,149.9,39,79,266,538.3,0.2,0.3,0,0,0,0,14675,60601-13,POINT (-87.622844 41.886262)
60602,20,43961,43967,0,7,0,562.7,12,69,965,5546.6,0,0.1,0,0,0,0,1244,60602-20,POINT (-87.628309 41.883136)
60602,24,43989,43995,0,10,0,803.9,15,135,1206,10852.1,0,0.1,0,0,0,0,1244,60602-24,POINT (-87.628309 41.883136)
60602,16,43933,43939,2,5,161,401.9,10,23,804,1848.9,0.2,0.2,0,0,0,0,1244,60602-16,POINT (-87.628309 41.883136)
60602,19,43954,43960,2,7,161,562.7,15,57,1206,4582,0.1,0.1,0,0,0,0,1244,60602-19,POINT (-87.628309 41.883136)
60602,23,43982,43988,0,10,0,803.9,14,120,1125,9646.3,0,0.1,0,0,0,0,1244,60602-23,POINT (-87.628309 41.883136)
60602,22,43975,43981,1,10,80,803.9,21,106,1688,8520.9,0,0.1,0,0,0,0,1244,60602-22,POINT (-87.628309 41.883136)
60602,17,43940,43946,0,5,0,401.9,14,37,1125,2974.3,0,0.1,0,0,0,0,1244,60602-17,POINT (-87.628309 41.883136)
60602,21,43968,43974,2,9,161,723.5,16,85,1286,6832.8,0.1,0.1,0,0,0,0,1244,60602-21,POINT (-87.628309 41.883136)
60602,18,43947,43953,0,5,0,401.9,5,42,402,3376.2,0,0.1,0,0,0,0,1244,60602-18,POINT (-87.628309 41.883136)
60602,25,43996,44002,0,10,0,803.9,13,148,1045,11897.1,0,0.1,0,0,0,0,1244,60602-25,POINT (-87.628309 41.883136)
60603,18,43947,43953,1,5,85,425.9,10,29,852,2470.2,0.1,0.2,0,0,0,0,1174,60603-18,POINT (-87.625473 41.880112000000004)
60603,19,43954,43960,0,5,0,425.9,5,34,426,2896.1,0,0.1,0,0,0,0,1174,60603-19,POINT (-87.625473 41.880112000000004)
60603,23,43982,43988,0,8,0,681.4,18,78,1533,6644,0,0.1,0,0,0,0,1174,60603-23,POINT (-87.625473 41.880112000000004)
60603,22,43975,43981,1,8,85,681.4,7,60,596,5110.7,0.1,0.1,0,0,0,0,1174,60603-22,POINT (-87.625473 41.880112000000004)
60603,21,43968,43974,1,7,85,596.3,14,53,1192,4514.5,0.1,0.1,0,0,0,0,1174,60603-21,POINT (-87.625473 41.880112000000004)
60603,25,43996,44002,0,8,0,681.4,12,100,1022,8517.9,0,0.1,0,0,0,0,1174,60603-25,POINT (-87.625473 41.880112000000004)
60603,20,43961,43967,1,6,85,511.1,5,39,426,3322,0.2,0.2,0,0,0,0,1174,60603-20,POINT (-87.625473 41.880112000000004)
60603,24,43989,43995,0,8,0,681.4,10,88,852,7495.7,0,0.1,0,0,0,0,1174,60603-24,POINT (-87.625473 41.880112000000004)
60604,24,43989,43995,1,14,128,1790.3,7,96,895,12276.2,0.1,0.1,0,0,0,0,782,60604-24,POINT (-87.62902900000002 41.878153)
60604,20,43961,43967,1,12,128,1534.5,11,58,1407,7416.9,0.1,0.2,0,0,0,0,782,60604-20,POINT (-87.62902900000002 41.878153)
60604,23,43982,43988,0,13,0,1662.4,7,89,895,11381.1,0,0.1,0,0,0,0,782,60604-23,POINT (-87.62902900000002 41.878153)
60604,19,43954,43960,3,11,384,1406.6,12,47,1534,6010.2,0.2,0.2,0,0,0,0,782,60604-19,POINT (-87.62902900000002 41.878153)
60604,17,43940,43946,1,5,128,639.4,9,23,1151,2941.2,0.1,0.2,0,0,0,0,782,60604-17,POINT (-87.62902900000002 41.878153)
60604,22,43975,43981,1,13,128,1662.4,16,82,2046,10485.9,0.1,0.2,0,0,0,0,782,60604-22,POINT (-87.62902900000002 41.878153)
60604,18,43947,43953,3,8,384,1023,12,35,1534,4475.7,0.2,0.2,0,0,0,0,782,60604-18,POINT (-87.62902900000002 41.878153)
60604,21,43968,43974,0,12,0,1534.5,8,66,1023,8439.9,0,0.2,0,0,0,0,782,60604-21,POINT (-87.62902900000002 41.878153)
60604,25,43996,44002,0,14,0,1790.3,14,110,1790,14066.5,0,0.1,0,0,0,0,782,60604-25,POINT (-87.62902900000002 41.878153)
60605,18,43947,43953,11,116,40,421.5,156,698,567,2536.4,0.1,0.2,1,1,3.6,3.6,27519,60605-18,POINT (-87.623449 41.867824)
60605,23,43982,43988,4,155,14,563.2,209,1584,760,5756,0,0.1,0,1,0,3.6,27519,60605-23,POINT (-87.623449 41.867824)
60605,14,43919,43925,11,49,40,178.1,64,247,233,897.6,0.2,0.2,0,0,0,0,27519,60605-14,POINT (-87.623449 41.867824)
60605,19,43954,43960,9,125,33,454.2,137,835,498,3034.3,0.1,0.2,0,1,0,3.6,27519,60605-19,POINT (-87.623449 41.867824)
60605,15,43926,43932,12,61,44,221.7,85,332,309,1206.4,0.1,0.2,0,0,0,0,27519,60605-15,POINT (-87.623449 41.867824)
60605,22,43975,43981,10,151,36,548.7,213,1375,774,4996.5,0,0.1,0,1,0,3.6,27519,60605-22,POINT (-87.623449 41.867824)
60605,16,43933,43939,25,86,91,312.5,105,437,382,1588,0.2,0.2,0,0,0,0,27519,60605-16,POINT (-87.623449 41.867824)
60605,21,43968,43974,10,141,36,512.4,181,1162,658,4222.5,0.1,0.1,0,1,0,3.6,27519,60605-21,POINT (-87.623449 41.867824)
60605,25,43996,44002,6,163,22,592.3,313,2145,1137,7794.6,0,0.1,0,1,0,3.6,27519,60605-25,POINT (-87.623449 41.867824)
60605,17,43940,43946,19,105,69,381.6,105,542,382,1969.5,0.2,0.2,0,0,0,0,27519,60605-17,POINT (-87.623449 41.867824)
60605,12,43905,43911,19,22,69,79.9,82,99,298,359.8,0.2,0.2,0,0,0,0,27519,60605-12,POINT (-87.623449 41.867824)
60605,24,43989,43995,2,157,7,570.5,248,1832,901,6657.2,0,0.1,0,1,0,3.6,27519,60605-24,POINT (-87.623449 41.867824)
60605,20,43961,43967,6,131,22,476,146,981,530,3564.8,0,0.1,0,1,0,3.6,27519,60605-20,POINT (-87.623449 41.867824)
60605,13,43912,43918,16,38,58,138.1,84,183,305,665,0.2,0.2,0,0,0,0,27519,60605-13,POINT (-87.623449 41.867824)
60606,15,43926,43932,2,7,64,225.7,27,71,871,2289.6,0.1,0.1,0,0,0,0,3101,60606-15,POINT (-87.63676 41.882634)
60606,24,43989,43995,0,21,0,677.2,69,621,2225,20025.8,0,0,0,0,0,0,3101,60606-24,POINT (-87.63676 41.882634)
60606,20,43961,43967,0,20,0,645,78,286,2515,9222.8,0,0.1,0,0,0,0,3101,60606-20,POINT (-87.63676 41.882634)
60606,16,43933,43939,7,14,226,451.5,26,97,838,3128,0.3,0.1,0,0,0,0,3101,60606-16,POINT (-87.63676 41.882634)
60606,23,43982,43988,1,21,32,677.2,85,552,2741,17800.7,0,0,0,0,0,0,3101,60606-23,POINT (-87.63676 41.882634)
60606,19,43954,43960,1,20,32,645,41,208,1322,6707.5,0,0.1,0,0,0,0,3101,60606-19,POINT (-87.63676 41.882634)
60606,17,43940,43946,3,17,97,548.2,36,133,1161,4288.9,0.1,0.1,0,0,0,0,3101,60606-17,POINT (-87.63676 41.882634)
60606,22,43975,43981,0,20,0,645,110,467,3547,15059.7,0,0,0,0,0,0,3101,60606-22,POINT (-87.63676 41.882634)
60606,18,43947,43953,2,19,64,612.7,34,167,1096,5385.4,0.1,0.1,0,0,0,0,3101,60606-18,POINT (-87.63676 41.882634)
60606,21,43968,43974,0,20,0,645,71,357,2290,11512.4,0,0.1,0,0,0,0,3101,60606-21,POINT (-87.63676 41.882634)
60606,25,43996,44002,0,21,0,677.2,83,704,2677,22702.4,0,0,0,0,0,0,3101,60606-25,POINT (-87.63676 41.882634)
60606,14,43919,43925,1,5,32,161.2,11,44,355,1418.9,0.1,0.1,0,0,0,0,3101,60606-14,POINT (-87.63676 41.882634)
60607,13,43912,43918,28,43,95,145.3,119,199,402,672.5,0.2,0.2,0,0,0,0,29591,60607-13,POINT (-87.652727 41.876104)
60607,18,43947,43953,33,318,112,1074.7,128,1017,433,3436.9,0.3,0.3,1,3,3.4,10.1,29591,60607-18,POINT (-87.652727 41.876104)
60607,23,43982,43988,3,362,10,1223.3,175,1915,591,6471.6,0,0.2,0,4,0,13.5,29591,60607-23,POINT (-87.652727 41.876104)
60607,19,43954,43960,14,332,47,1122,163,1180,551,3987.7,0.1,0.3,1,4,3.4,13.5,29591,60607-19,POINT (-87.652727 41.876104)
60607,14,43919,43925,27,70,91,236.6,86,285,291,963.1,0.3,0.2,0,0,0,0,29591,60607-14,POINT (-87.652727 41.876104)
60607,15,43926,43932,166,236,561,797.5,255,540,862,1824.9,0.7,0.4,1,1,3.4,3.4,29591,60607-15,POINT (-87.652727 41.876104)
60607,22,43975,43981,3,359,10,1213.2,181,1740,612,5880.2,0,0.2,0,4,0,13.5,29591,60607-22,POINT (-87.652727 41.876104)
60607,16,43933,43939,32,268,108,905.7,118,658,399,2223.6,0.3,0.4,0,1,0,3.4,29591,60607-16,POINT (-87.652727 41.876104)
60607,21,43968,43974,14,356,47,1203.1,201,1559,679,5268.5,0.1,0.2,0,4,0,13.5,29591,60607-21,POINT (-87.652727 41.876104)
60607,25,43996,44002,8,377,27,1274,286,2458,966,8306.6,0,0.2,0,4,0,13.5,29591,60607-25,POINT (-87.652727 41.876104)
60607,12,43905,43911,12,15,41,50.7,72,80,243,270.4,0.2,0.2,0,0,0,0,29591,60607-12,POINT (-87.652727 41.876104)
60607,17,43940,43946,17,285,57,963.1,231,889,781,3004.3,0.1,0.3,1,2,3.4,6.8,29591,60607-17,POINT (-87.652727 41.876104)
60607,24,43989,43995,7,369,24,1247,257,2172,868,7340.1,0,0.2,0,4,0,13.5,29591,60607-24,POINT (-87.652727 41.876104)
60607,20,43961,43967,10,342,34,1155.8,178,1358,602,4589.2,0.1,0.3,0,4,0,13.5,29591,60607-20,POINT (-87.652727 41.876104)
60608,20,43961,43967,171,1243,216,1569.3,741,4011,936,5064.1,0.2,0.3,4,37,5.1,46.7,79205,60608-20,POINT (-87.670366 41.849879)
60608,24,43989,43995,32,1569,40,1980.9,713,6551,900,8270.9,0,0.2,9,60,11.4,75.8,79205,60608-24,POINT (-87.670366 41.849879)
60608,14,43919,43925,74,165,93,208.3,186,480,235,606,0.4,0.3,1,1,1.3,1.3,79205,60608-14,POINT (-87.670366 41.849879)
60608,15,43926,43932,112,277,141,349.7,315,795,398,1003.7,0.4,0.3,3,4,3.8,5.1,79205,60608-15,POINT (-87.670366 41.849879)
60608,19,43954,43960,196,1072,248,1353.4,726,3270,917,4128.5,0.3,0.3,8,33,10.1,41.7,79205,60608-19,POINT (-87.670366 41.849879)
60608,23,43982,43988,65,1537,82,1940.5,484,5838,611,7370.7,0.1,0.3,3,51,3.8,64.4,79205,60608-23,POINT (-87.670366 41.849879)
60608,16,43933,43939,110,387,139,488.6,347,1142,438,1441.8,0.3,0.3,6,10,7.6,12.6,79205,60608-16,POINT (-87.670366 41.849879)
60608,22,43975,43981,96,1472,121,1858.5,579,5354,731,6759.7,0.2,0.3,6,48,7.6,60.6,79205,60608-22,POINT (-87.670366 41.849879)
60608,12,43905,43911,13,15,16,18.9,87,98,110,123.7,0.1,0.2,0,0,0,0,79205,60608-12,POINT (-87.670366 41.849879)
60608,17,43940,43946,172,559,217,705.8,475,1617,600,2041.5,0.4,0.3,6,16,7.6,20.2,79205,60608-17,POINT (-87.670366 41.849879)
60608,25,43996,44002,22,1591,28,2008.7,676,7227,854,9124.4,0,0.2,6,66,7.6,83.3,79205,60608-25,POINT (-87.670366 41.849879)
60608,21,43968,43974,133,1376,168,1737.3,764,4775,965,6028.7,0.2,0.3,5,42,6.3,53,79205,60608-21,POINT (-87.670366 41.849879)
60608,18,43947,43953,317,876,400,1106,927,2544,1170,3211.9,0.3,0.3,9,25,11.4,31.6,79205,60608-18,POINT (-87.670366 41.849879)
60608,13,43912,43918,76,91,96,114.9,196,294,248,371.2,0.4,0.3,0,0,0,0,79205,60608-13,POINT (-87.670366 41.849879)
60609,19,43954,43960,176,915,286,1487.9,549,2492,893,4052.4,0.3,0.4,8,32,13,52,61495,60609-19,POINT (-87.653382 41.812017)
60609,23,43982,43988,47,1483,76,2411.6,415,5218,675,8485.2,0.1,0.3,5,60,8.1,97.6,61495,60609-23,POINT (-87.653382 41.812017)
60609,18,43947,43953,243,739,395,1201.7,642,1943,1044,3159.6,0.4,0.4,6,24,9.8,39,61495,60609-18,POINT (-87.653382 41.812017)
60609,13,43912,43918,46,61,75,99.2,131,198,213,322,0.4,0.3,0,0,0,0,61495,60609-13,POINT (-87.653382 41.812017)
60609,22,43975,43981,114,1436,185,2335.1,667,4803,1085,7810.4,0.2,0.3,6,55,9.8,89.4,61495,60609-22,POINT (-87.653382 41.812017)
60609,14,43919,43925,48,109,78,177.3,143,341,232,554.5,0.3,0.3,3,3,4.9,4.9,61495,60609-14,POINT (-87.653382 41.812017)
60609,15,43926,43932,72,181,117,294.3,190,531,309,863.5,0.4,0.3,2,5,3.3,8.1,61495,60609-15,POINT (-87.653382 41.812017)
60609,25,43996,44002,22,1539,36,2502.6,419,6080,681,9887,0.1,0.3,4,66,6.5,107.3,61495,60609-25,POINT (-87.653382 41.812017)
60609,21,43968,43974,200,1322,325,2149.8,805,4136,1309,6725.8,0.2,0.3,6,49,9.8,79.7,61495,60609-21,POINT (-87.653382 41.812017)
60609,16,43933,43939,125,306,203,497.6,284,815,462,1325.3,0.4,0.4,5,10,8.1,16.3,61495,60609-16,POINT (-87.653382 41.812017)
60609,20,43961,43967,207,1122,337,1824.5,839,3331,1364,5416.7,0.2,0.3,11,43,17.9,69.9,61495,60609-20,POINT (-87.653382 41.812017)
60609,24,43989,43995,34,1517,55,2466.9,443,5661,720,9205.6,0.1,0.3,2,62,3.3,100.8,61495,60609-24,POINT (-87.653382 41.812017)
60609,17,43940,43946,190,496,309,806.6,486,1301,790,2115.6,0.4,0.4,8,18,13,29.3,61495,60609-17,POINT (-87.653382 41.812017)
60609,12,43905,43911,13,15,21,24.4,60,67,98,109,0.2,0.2,0,0,0,0,61495,60609-12,POINT (-87.653382 41.812017)
60610,20,43961,43967,25,191,64,489.5,347,1382,889,3541.9,0.1,0.1,0,4,0,10.3,39019,60610-20,POINT (-87.63581 41.90455)
60610,24,43989,43995,4,239,10,612.5,334,2608,856,6683.9,0,0.1,1,7,2.6,17.9,39019,60610-24,POINT (-87.63581 41.90455)
60610,14,43919,43925,21,80,54,205,81,284,208,727.9,0.3,0.3,0,0,0,0,39019,60610-14,POINT (-87.63581 41.90455)
60610,15,43926,43932,15,95,38,243.5,102,386,261,989.3,0.1,0.2,1,1,2.6,2.6,39019,60610-15,POINT (-87.63581 41.90455)
60610,19,43954,43960,21,166,54,425.4,215,1035,551,2652.6,0.1,0.2,1,4,2.6,10.3,39019,60610-19,POINT (-87.63581 41.90455)
60610,23,43982,43988,7,235,18,602.3,284,2274,728,5827.9,0,0.1,1,6,2.6,15.4,39019,60610-23,POINT (-87.63581 41.90455)
60610,16,43933,43939,12,107,31,274.2,111,497,284,1273.7,0.1,0.2,0,1,0,2.6,39019,60610-16,POINT (-87.63581 41.90455)
60610,22,43975,43981,15,228,38,584.3,280,1990,718,5100.1,0.1,0.1,0,5,0,12.8,39019,60610-22,POINT (-87.63581 41.90455)
60610,17,43940,43946,20,127,51,325.5,151,648,387,1660.7,0.1,0.2,2,3,5.1,7.7,39019,60610-17,POINT (-87.63581 41.90455)
60610,12,43905,43911,22,26,56,66.6,78,96,200,246,0.3,0.3,0,0,0,0,39019,60610-12,POINT (-87.63581 41.90455)
60610,25,43996,44002,7,246,18,630.5,347,2955,889,7573.2,0,0.1,1,8,2.6,20.5,39019,60610-25,POINT (-87.63581 41.90455)
60610,21,43968,43974,22,213,56,545.9,328,1710,841,4382.5,0.1,0.1,1,5,2.6,12.8,39019,60610-21,POINT (-87.63581 41.90455)
60610,18,43947,43953,18,145,46,371.6,172,820,441,2101.5,0.1,0.2,0,3,0,7.7,39019,60610-18,POINT (-87.63581 41.90455)
60610,13,43912,43918,33,59,85,151.2,107,203,274,520.3,0.3,0.3,0,0,0,0,39019,60610-13,POINT (-87.63581 41.90455)
60611,19,43954,43960,6,90,18,277.6,226,1036,697,3195,0,0.1,1,2,3.1,6.2,32426,60611-19,POINT (-87.620291 41.894734)
60611,18,43947,43953,10,84,31,259.1,224,810,691,2498,0,0.1,0,1,0,3.1,32426,60611-18,POINT (-87.620291 41.894734)
60611,23,43982,43988,7,124,22,382.4,232,2043,716,6300.5,0,0.1,0,2,0,6.2,32426,60611-23,POINT (-87.620291 41.894734)
60611,13,43912,43918,21,36,65,111,119,215,367,663,0.2,0.2,0,0,0,0,32426,60611-13,POINT (-87.620291 41.894734)
60611,22,43975,43981,11,117,34,360.8,283,1811,873,5585,0,0.1,0,2,0,6.2,32426,60611-22,POINT (-87.620291 41.894734)
60611,14,43919,43925,14,50,43,154.2,72,287,222,885.1,0.2,0.2,0,0,0,0,32426,60611-14,POINT (-87.620291 41.894734)
60611,25,43996,44002,5,133,15,410.2,309,2663,953,8212.5,0,0,1,3,3.1,9.3,32426,60611-25,POINT (-87.620291 41.894734)
60611,15,43926,43932,7,57,22,175.8,60,347,185,1070.1,0.1,0.2,0,0,0,0,32426,60611-15,POINT (-87.620291 41.894734)
60611,21,43968,43974,7,106,22,326.9,248,1528,765,4712.3,0,0.1,0,2,0,6.2,32426,60611-21,POINT (-87.620291 41.894734)
60611,16,43933,43939,9,66,28,203.5,104,451,321,1390.9,0.1,0.1,0,0,0,0,32426,60611-16,POINT (-87.620291 41.894734)
60611,20,43961,43967,9,99,28,305.3,244,1280,752,3947.4,0,0.1,0,2,0,6.2,32426,60611-20,POINT (-87.620291 41.894734)
60611,24,43989,43995,4,128,12,394.7,311,2354,959,7259.6,0,0.1,0,2,0,6.2,32426,60611-24,POINT (-87.620291 41.894734)
60611,17,43940,43946,8,74,25,228.2,135,586,416,1807.2,0.1,0.1,1,1,3.1,3.1,32426,60611-17,POINT (-87.620291 41.894734)
60611,12,43905,43911,14,15,43,46.3,84,96,259,296.1,0.2,0.2,0,0,0,0,32426,60611-12,POINT (-87.620291 41.894734)
60612,20,43961,43967,71,545,207,1588.4,419,2327,1221,6782.1,0.2,0.2,2,19,5.8,55.4,34311,60612-20,POINT (-87.687011 41.88004)
60612,14,43919,43925,50,128,146,373.1,164,454,478,1323.2,0.3,0.3,3,4,8.7,11.7,34311,60612-14,POINT (-87.687011 41.88004)
60612,24,43989,43995,9,660,26,1923.6,410,3621,1195,10553.5,0,0.2,1,26,2.9,75.8,34311,60612-24,POINT (-87.687011 41.88004)
60612,19,43954,43960,77,474,224,1381.5,357,1908,1040,5560.9,0.2,0.2,4,17,11.7,49.5,34311,60612-19,POINT (-87.687011 41.88004)
60612,15,43926,43932,67,195,195,568.3,246,700,717,2040.2,0.3,0.3,3,7,8.7,20.4,34311,60612-15,POINT (-87.687011 41.88004)
60612,23,43982,43988,21,651,61,1897.4,233,3211,679,9358.5,0.1,0.2,0,25,0,72.9,34311,60612-23,POINT (-87.687011 41.88004)
60612,22,43975,43981,24,630,70,1836.1,311,2978,906,8679.4,0.1,0.2,3,25,8.7,72.9,34311,60612-22,POINT (-87.687011 41.88004)
60612,16,43933,43939,60,255,175,743.2,228,928,664,2704.7,0.3,0.3,3,10,8.7,29.1,34311,60612-16,POINT (-87.687011 41.88004)
60612,12,43905,43911,19,19,55,55.4,96,107,280,311.9,0.2,0.2,0,0,0,0,34311,60612-12,POINT (-87.687011 41.88004)
60612,17,43940,43946,79,334,230,973.4,287,1215,836,3541.1,0.3,0.3,1,11,2.9,32.1,34311,60612-17,POINT (-87.687011 41.88004)
60612,21,43968,43974,61,606,178,1766.2,340,2667,991,7773,0.2,0.2,3,22,8.7,64.1,34311,60612-21,POINT (-87.687011 41.88004)
60612,25,43996,44002,7,667,20,1944,291,3912,848,11401.6,0,0.2,0,26,0,75.8,34311,60612-25,POINT (-87.687011 41.88004)
60612,13,43912,43918,59,78,172,227.3,183,290,533,845.2,0.3,0.3,1,1,2.9,2.9,34311,60612-13,POINT (-87.687011 41.88004)
60612,18,43947,43953,63,397,184,1157.1,336,1551,979,4520.4,0.2,0.3,2,13,5.8,37.9,34311,60612-18,POINT (-87.687011 41.88004)
60613,19,43954,43960,29,292,58,582.7,231,1313,461,2620.1,0.1,0.2,8,20,16,39.9,50113,60613-19,POINT (-87.661343 41.953742)
60613,18,43947,43953,60,263,120,524.8,268,1082,535,2159.1,0.2,0.2,1,12,2,23.9,50113,60613-18,POINT (-87.661343 41.953742)
60613,13,43912,43918,31,57,62,113.7,118,212,236,423,0.3,0.3,0,0,0,0,50113,60613-13,POINT (-87.661343 41.953742)
60613,23,43982,43988,12,339,24,676.5,314,2500,627,4988.7,0,0.1,1,28,2,55.9,50113,60613-23,POINT (-87.661343 41.953742)
60613,22,43975,43981,7,327,14,652.5,323,2186,644,4362.1,0,0.2,3,27,6,53.9,50113,60613-22,POINT (-87.661343 41.953742)
60613,14,43919,43925,50,107,100,213.5,130,342,259,682.5,0.4,0.3,1,1,2,2,50113,60613-14,POINT (-87.661343 41.953742)
60613,21,43968,43974,13,320,26,638.6,298,1863,595,3717.6,0,0.2,1,24,2,47.9,50113,60613-21,POINT (-87.661343 41.953742)
60613,15,43926,43932,31,138,62,275.4,127,469,253,935.9,0.2,0.3,4,5,8,10,50113,60613-15,POINT (-87.661343 41.953742)
60613,25,43996,44002,6,351,12,700.4,490,3568,978,7119.9,0,0.1,1,29,2,57.9,50113,60613-25,POINT (-87.661343 41.953742)
60613,20,43961,43967,15,307,30,612.6,252,1565,503,3122.9,0.1,0.2,3,23,6,45.9,50113,60613-20,POINT (-87.661343 41.953742)
60613,16,43933,43939,32,170,64,339.2,148,617,295,1231.2,0.2,0.3,3,8,6,16,50113,60613-16,POINT (-87.661343 41.953742)
60613,12,43905,43911,22,26,44,51.9,78,94,156,187.6,0.3,0.3,0,0,0,0,50113,60613-12,POINT (-87.661343 41.953742)
60613,17,43940,43946,33,203,66,405.1,197,814,393,1624.3,0.2,0.2,3,11,6,22,50113,60613-17,POINT (-87.661343 41.953742)
60613,24,43989,43995,6,345,12,688.4,578,3078,1153,6142.1,0,0.1,0,28,0,55.9,50113,60613-24,POINT (-87.661343 41.953742)
60614,20,43961,43967,32,430,45,603,477,2471,669,3465.2,0.1,0.2,6,52,8.4,72.9,71308,60614-20,POINT (-87.652064 41.922605)
60614,14,43919,43925,38,108,53,151.5,141,436,198,611.4,0.3,0.2,0,1,0,1.4,71308,60614-14,POINT (-87.652064 41.922605)
60614,24,43989,43995,12,470,17,659.1,572,4261,802,5975.5,0,0.1,2,62,2.8,86.9,71308,60614-24,POINT (-87.652064 41.922605)
60614,19,43954,43960,52,398,73,558.1,399,1994,560,2796.3,0.1,0.2,10,46,14,64.5,71308,60614-19,POINT (-87.652064 41.922605)
60614,15,43926,43932,47,155,66,217.4,175,611,245,856.8,0.3,0.3,8,9,11.2,12.6,71308,60614-15,POINT (-87.652064 41.922605)
60614,11,43898,43904,14,14,20,19.6,31,33,44,46.3,0.5,0.4,0,0,0,0,71308,60614-11,POINT (-87.652064 41.922605)
60614,23,43982,43988,4,458,6,642.3,419,3689,588,5173.3,0,0.1,0,60,0,84.1,71308,60614-23,POINT (-87.652064 41.922605)
60614,22,43975,43981,11,454,15,636.7,343,3270,481,4585.7,0,0.1,4,60,5.6,84.1,71308,60614-22,POINT (-87.652064 41.922605)
60614,16,43933,43939,31,186,44,260.8,211,822,296,1152.7,0.1,0.2,15,24,21,33.7,71308,60614-16,POINT (-87.652064 41.922605)
60614,12,43905,43911,22,36,31,50.5,123,156,172,218.8,0.2,0.2,1,1,1.4,1.4,71308,60614-12,POINT (-87.652064 41.922605)
60614,17,43940,43946,64,250,90,350.6,295,1117,414,1566.4,0.2,0.2,6,30,8.4,42.1,71308,60614-17,POINT (-87.652064 41.922605)
60614,21,43968,43974,13,443,18,621.2,456,2927,640,4104.7,0,0.2,4,56,5.6,78.5,71308,60614-21,POINT (-87.652064 41.922605)
60614,25,43996,44002,12,482,17,675.9,521,4782,731,6706.1,0,0.1,0,62,0,86.9,71308,60614-25,POINT (-87.652064 41.922605)
60614,13,43912,43918,34,70,48,98.2,139,295,195,413.7,0.2,0.2,0,1,0,1.4,71308,60614-13,POINT (-87.652064 41.922605)
60614,18,43947,43953,96,346,135,485.2,478,1595,670,2236.8,0.2,0.2,6,36,8.4,50.5,71308,60614-18,POINT (-87.652064 41.922605)
60615,19,43954,43960,30,255,72,613.5,281,1462,676,3517.6,0.1,0.2,1,11,2.4,26.5,41563,60615-19,POINT (-87.602725 41.80199300000001)
60615,17,43940,43946,39,201,94,483.6,196,951,472,2288.1,0.2,0.2,2,7,4.8,16.8,41563,60615-17,POINT (-87.602725 41.80199300000001)
60615,23,43982,43988,8,339,19,815.6,282,2813,678,6768,0,0.1,1,15,2.4,36.1,41563,60615-23,POINT (-87.602725 41.80199300000001)
60615,13,43912,43918,29,54,70,129.9,109,256,262,615.9,0.3,0.2,1,1,2.4,2.4,41563,60615-13,POINT (-87.602725 41.80199300000001)
60615,18,43947,43953,24,225,58,541.3,230,1181,553,2841.5,0.1,0.2,3,10,7.2,24.1,41563,60615-18,POINT (-87.602725 41.80199300000001)
60615,22,43975,43981,18,331,43,796.4,338,2531,813,6089.6,0.1,0.1,0,14,0,33.7,41563,60615-22,POINT (-87.602725 41.80199300000001)
60615,14,43919,43925,41,95,99,228.6,156,412,375,991.3,0.3,0.2,3,4,7.2,9.6,41563,60615-14,POINT (-87.602725 41.80199300000001)
60615,15,43926,43932,31,126,75,303.2,158,570,380,1371.4,0.2,0.2,0,4,0,9.6,41563,60615-15,POINT (-87.602725 41.80199300000001)
60615,21,43968,43974,27,313,65,753.1,412,2193,991,5276.3,0.1,0.1,0,14,0,33.7,41563,60615-21,POINT (-87.602725 41.80199300000001)
60615,25,43996,44002,8,358,19,861.3,399,3631,960,8736.1,0,0.1,1,16,2.4,38.5,41563,60615-25,POINT (-87.602725 41.80199300000001)
60615,20,43961,43967,31,286,75,688.1,319,1781,768,4285.1,0.1,0.2,3,14,7.2,33.7,41563,60615-20,POINT (-87.602725 41.80199300000001)
60615,16,43933,43939,36,162,87,389.8,185,755,445,1816.5,0.2,0.2,1,5,2.4,12,41563,60615-16,POINT (-87.602725 41.80199300000001)
60615,12,43905,43911,25,25,60,60.1,139,147,334,353.7,0.2,0.2,0,0,0,0,41563,60615-12,POINT (-87.602725 41.80199300000001)
60615,24,43989,43995,11,350,26,842.1,419,3232,1008,7776.1,0,0.1,0,15,0,36.1,41563,60615-24,POINT (-87.602725 41.80199300000001)
60616,23,43982,43988,16,392,29,719.7,277,3209,509,5892,0.1,0.1,0,34,0,62.4,54464,60616-23,POINT (-87.629531 41.844869)
60616,15,43926,43932,48,142,88,260.7,166,514,305,943.7,0.3,0.3,4,8,7.3,14.7,54464,60616-15,POINT (-87.629531 41.844869)
60616,19,43954,43960,31,278,57,510.4,308,1454,566,2669.7,0.1,0.2,2,27,3.7,49.6,54464,60616-19,POINT (-87.629531 41.844869)
60616,24,43989,43995,10,402,18,738.1,572,3781,1050,6942.2,0,0.1,2,36,3.7,66.1,54464,60616-24,POINT (-87.629531 41.844869)
60616,14,43919,43925,48,94,88,172.6,129,348,237,639,0.4,0.3,4,4,7.3,7.3,54464,60616-14,POINT (-87.629531 41.844869)
60616,20,43961,43967,51,329,94,604.1,556,2010,1021,3690.5,0.1,0.2,3,30,5.5,55.1,54464,60616-20,POINT (-87.629531 41.844869)
60616,18,43947,43953,29,247,53,453.5,235,1146,432,2104.1,0.1,0.2,2,25,3.7,45.9,54464,60616-18,POINT (-87.629531 41.844869)
60616,13,43912,43918,32,46,59,84.5,137,219,252,402.1,0.2,0.2,0,0,0,0,54464,60616-13,POINT (-87.629531 41.844869)
60616,25,43996,44002,3,405,6,743.6,456,4237,837,7779.5,0,0.1,0,36,0,66.1,54464,60616-25,POINT (-87.629531 41.844869)
60616,21,43968,43974,25,354,46,650,504,2514,925,4615.9,0,0.1,1,31,1.8,56.9,54464,60616-21,POINT (-87.629531 41.844869)
60616,17,43940,43946,35,218,64,400.3,212,911,389,1672.7,0.2,0.2,8,23,14.7,42.2,54464,60616-17,POINT (-87.629531 41.844869)
60616,12,43905,43911,11,14,20,25.7,70,82,128,150.6,0.2,0.2,0,0,0,0,54464,60616-12,POINT (-87.629531 41.844869)
60616,16,43933,43939,41,183,75,336,185,699,340,1283.4,0.2,0.3,7,15,12.9,27.5,54464,60616-16,POINT (-87.629531 41.844869)
60616,22,43975,43981,22,376,40,690.4,418,2932,768,5383.4,0.1,0.1,3,34,5.5,62.4,54464,60616-22,POINT (-87.629531 41.844869)
60617,14,43919,43925,86,193,104,233.8,234,580,284,702.7,0.4,0.3,7,10,8.5,12.1,82534,60617-14,POINT (-87.556897 41.721257)
60617,22,43975,43981,47,848,57,1027.5,748,5513,906,6679.7,0.1,0.2,7,53,8.5,64.2,82534,60617-22,POINT (-87.556897 41.721257)
60617,18,43947,43953,108,510,131,617.9,804,2421,974,2933.3,0.1,0.2,3,28,3.6,33.9,82534,60617-18,POINT (-87.556897 41.721257)
60617,13,43912,43918,83,107,101,129.6,211,346,256,419.2,0.4,0.3,3,3,3.6,3.6,82534,60617-13,POINT (-87.556897 41.721257)
60617,23,43982,43988,29,877,35,1062.6,488,6001,591,7270.9,0.1,0.1,8,61,9.7,73.9,82534,60617-23,POINT (-87.556897 41.721257)
60617,17,43940,43946,83,402,101,487.1,439,1617,532,1959.2,0.2,0.2,5,25,6.1,30.3,82534,60617-17,POINT (-87.556897 41.721257)
60617,24,43989,43995,30,907,36,1098.9,622,6623,754,8024.6,0,0.1,1,62,1.2,75.1,82534,60617-24,POINT (-87.556897 41.721257)
60617,19,43954,43960,91,601,110,728.2,687,3108,832,3765.7,0.1,0.2,8,36,9.7,43.6,82534,60617-19,POINT (-87.556897 41.721257)
60617,12,43905,43911,22,24,27,29.1,124,135,150,163.6,0.2,0.2,0,0,0,0,82534,60617-12,POINT (-87.556897 41.721257)
60617,16,43933,43939,50,319,61,386.5,339,1178,411,1427.3,0.1,0.3,4,20,4.8,24.2,82534,60617-16,POINT (-87.556897 41.721257)
60617,20,43961,43967,111,712,134,862.7,765,3873,927,4692.6,0.1,0.2,6,42,7.3,50.9,82534,60617-20,POINT (-87.556897 41.721257)
60617,25,43996,44002,23,930,28,1126.8,585,7208,709,8733.4,0,0.1,1,63,1.2,76.3,82534,60617-25,POINT (-87.556897 41.721257)
60617,21,43968,43974,89,801,108,970.5,892,4765,1081,5773.4,0.1,0.2,4,46,4.8,55.7,82534,60617-21,POINT (-87.556897 41.721257)
60617,15,43926,43932,76,269,92,325.9,259,839,314,1016.6,0.3,0.3,6,16,7.3,19.4,82534,60617-15,POINT (-87.556897 41.721257)
60618,23,43982,43988,51,1063,54,1126.1,646,5856,684,6203.7,0.1,0.2,2,40,2.1,42.4,94395,60618-23,POINT (-87.703343 41.946699)
60618,11,43898,43904,5,6,5,6.4,18,19,19,20.1,0.3,0.3,0,0,0,0,94395,60618-11,POINT (-87.703343 41.946699)
60618,15,43926,43932,76,193,80,204.5,237,725,251,768,0.3,0.3,2,2,2.1,2.1,94395,60618-15,POINT (-87.703343 41.946699)
60618,14,43919,43925,58,117,61,123.9,192,488,203,517,0.3,0.2,0,0,0,0,94395,60618-14,POINT (-87.703343 41.946699)
60618,24,43989,43995,39,1102,41,1167.4,950,6806,1006,7210.1,0,0.2,2,42,2.1,44.5,94395,60618-24,POINT (-87.703343 41.946699)
60618,19,43954,43960,145,694,154,735.2,625,2908,662,3080.7,0.2,0.2,7,25,7.4,26.5,94395,60618-19,POINT (-87.703343 41.946699)
60618,20,43961,43967,113,807,120,854.9,761,3669,806,3886.9,0.1,0.2,6,31,6.4,32.8,94395,60618-20,POINT (-87.703343 41.946699)
60618,18,43947,43953,111,549,118,581.6,594,2283,629,2418.6,0.2,0.2,6,18,6.4,19.1,94395,60618-18,POINT (-87.703343 41.946699)
60618,13,43912,43918,37,59,39,62.5,179,296,190,313.6,0.2,0.2,0,0,0,0,94395,60618-13,POINT (-87.703343 41.946699)
60618,25,43996,44002,39,1141,41,1208.8,890,7696,943,8153,0,0.1,5,47,5.3,49.8,94395,60618-25,POINT (-87.703343 41.946699)
60618,21,43968,43974,118,925,125,979.9,791,4460,838,4724.8,0.1,0.2,4,35,4.2,37.1,94395,60618-21,POINT (-87.703343 41.946699)
60618,17,43940,43946,129,438,137,464,479,1689,507,1789.3,0.3,0.3,6,12,6.4,12.7,94395,60618-17,POINT (-87.703343 41.946699)
60618,12,43905,43911,16,22,17,23.3,98,117,104,123.9,0.2,0.2,0,0,0,0,94395,60618-12,POINT (-87.703343 41.946699)
60618,22,43975,43981,87,1012,92,1072.1,750,5210,794,5519.4,0.1,0.2,3,38,3.2,40.3,94395,60618-22,POINT (-87.703343 41.946699)
60618,16,43933,43939,116,309,123,327.3,485,1210,514,1281.8,0.2,0.3,4,6,4.2,6.4,94395,60618-16,POINT (-87.703343 41.946699)
60619,14,43919,43925,101,227,165,370.6,268,611,438,997.4,0.4,0.4,10,10,16.3,16.3,61258,60619-14,POINT (-87.60569 41.744737)
60619,22,43975,43981,35,779,57,1271.7,725,5446,1184,8890.3,0,0.1,2,59,3.3,96.3,61258,60619-22,POINT (-87.60569 41.744737)
60619,18,43947,43953,68,580,111,946.8,518,2230,846,3640.3,0.1,0.3,7,40,11.4,65.3,61258,60619-18,POINT (-87.60569 41.744737)
60619,13,43912,43918,95,126,155,205.7,214,343,349,559.9,0.4,0.4,0,0,0,0,61258,60619-13,POINT (-87.60569 41.744737)
60619,23,43982,43988,24,803,39,1310.8,427,5873,697,9587.3,0.1,0.1,0,59,0,96.3,61258,60619-23,POINT (-87.60569 41.744737)
60619,17,43940,43946,113,512,184,835.8,520,1712,849,2794.7,0.2,0.3,6,33,9.8,53.9,61258,60619-17,POINT (-87.60569 41.744737)
60619,19,43954,43960,60,640,98,1044.8,587,2817,958,4598.6,0.1,0.2,5,45,8.2,73.5,61258,60619-19,POINT (-87.60569 41.744737)
60619,24,43989,43995,18,821,29,1340.2,584,6457,953,10540.7,0,0.1,2,61,3.3,99.6,61258,60619-24,POINT (-87.60569 41.744737)
60619,12,43905,43911,28,31,46,50.6,116,129,189,210.6,0.2,0.2,0,0,0,0,61258,60619-12,POINT (-87.60569 41.744737)
60619,16,43933,43939,84,399,137,651.3,339,1192,553,1945.9,0.2,0.3,6,27,9.8,44.1,61258,60619-16,POINT (-87.60569 41.744737)
60619,20,43961,43967,51,691,83,1128,714,3531,1166,5764.1,0.1,0.2,7,52,11.4,84.9,61258,60619-20,POINT (-87.60569 41.744737)
60619,25,43996,44002,18,839,29,1369.6,527,6984,860,11401,0,0.1,3,64,4.9,104.5,61258,60619-25,POINT (-87.60569 41.744737)
60619,21,43968,43974,53,744,86,1214.5,1190,4721,1943,7706.7,0,0.2,5,57,8.2,93,61258,60619-21,POINT (-87.60569 41.744737)
60619,15,43926,43932,88,315,144,514.2,242,853,395,1392.5,0.4,0.4,11,21,18,34.3,61258,60619-15,POINT (-87.60569 41.744737)
60620,23,43982,43988,32,950,47,1395.1,438,5878,643,8631.9,0.1,0.2,1,66,1.5,96.9,68096,60620-23,POINT (-87.651656 41.740873)
60620,15,43926,43932,114,379,167,556.6,270,886,396,1301.1,0.4,0.4,16,32,23.5,47,68096,60620-15,POINT (-87.651656 41.740873)
60620,11,43898,43904,4,5,6,7.3,12,14,18,20.6,0.3,0.4,0,0,0,0,68096,60620-11,POINT (-87.651656 41.740873)
60620,24,43989,43995,26,976,38,1433.3,561,6439,824,9455.8,0,0.2,1,67,1.5,98.4,68096,60620-24,POINT (-87.651656 41.740873)
60620,19,43954,43960,74,770,109,1130.8,581,3136,853,4605.3,0.1,0.2,6,54,8.8,79.3,68096,60620-19,POINT (-87.651656 41.740873)
60620,14,43919,43925,125,265,184,389.2,291,616,427,904.6,0.4,0.4,11,16,16.2,23.5,68096,60620-14,POINT (-87.651656 41.740873)
60620,18,43947,43953,73,696,107,1022.1,511,2555,750,3752.1,0.1,0.3,4,48,5.9,70.5,68096,60620-18,POINT (-87.651656 41.740873)
60620,25,43996,44002,21,997,31,1464.1,518,6957,761,10216.5,0,0.1,1,68,1.5,99.9,68096,60620-25,POINT (-87.651656 41.740873)
60620,13,43912,43918,105,140,154,205.6,213,325,313,477.3,0.5,0.4,3,5,4.4,7.3,68096,60620-13,POINT (-87.651656 41.740873)
60620,20,43961,43967,64,834,94,1224.7,639,3775,938,5543.6,0.1,0.2,4,58,5.9,85.2,68096,60620-20,POINT (-87.651656 41.740873)
60620,17,43940,43946,169,623,248,914.9,828,2044,1216,3001.6,0.2,0.3,4,44,5.9,64.6,68096,60620-17,POINT (-87.651656 41.740873)
60620,21,43968,43974,48,882,70,1295.2,985,4760,1446,6990.1,0,0.2,6,64,8.8,94,68096,60620-21,POINT (-87.651656 41.740873)
60620,16,43933,43939,75,454,110,666.7,330,1216,485,1785.7,0.2,0.4,8,40,11.7,58.7,68096,60620-16,POINT (-87.651656 41.740873)
60620,22,43975,43981,36,918,53,1348.1,680,5440,999,7988.7,0.1,0.2,1,65,1.5,95.5,68096,60620-22,POINT (-87.651656 41.740873)
60620,12,43905,43911,30,35,44,51.4,98,112,144,164.5,0.3,0.3,2,2,2.9,2.9,68096,60620-12,POINT (-87.651656 41.740873)
60621,21,43968,43974,41,455,141,1566.7,374,1975,1288,6800.5,0.1,0.2,7,43,24.1,148.1,29042,60621-21,POINT (-87.638812 41.776931)
60621,14,43919,43925,53,86,182,296.1,117,241,403,829.8,0.5,0.4,3,4,10.3,13.8,29042,60621-14,POINT (-87.638812 41.776931)
60621,18,43947,43953,61,317,210,1091.5,244,998,840,3436.4,0.2,0.3,9,24,31,82.6,29042,60621-18,POINT (-87.638812 41.776931)
60621,22,43975,43981,21,476,72,1639,318,2293,1095,7895.5,0.1,0.2,2,45,6.9,154.9,29042,60621-22,POINT (-87.638812 41.776931)
60621,23,43982,43988,15,491,52,1690.7,201,2494,692,8587.6,0.1,0.2,4,49,13.8,168.7,29042,60621-23,POINT (-87.638812 41.776931)
60621,13,43912,43918,21,33,72,113.6,68,124,234,427,0.3,0.3,1,1,3.4,3.4,29042,60621-13,POINT (-87.638812 41.776931)
60621,17,43940,43946,48,256,165,881.5,217,754,747,2596.2,0.2,0.3,5,15,17.2,51.6,29042,60621-17,POINT (-87.638812 41.776931)
60621,24,43989,43995,10,501,34,1725.1,224,2718,771,9358.9,0,0.2,1,50,3.4,172.2,29042,60621-24,POINT (-87.638812 41.776931)
60621,19,43954,43960,54,371,186,1277.5,282,1280,971,4407.4,0.2,0.3,6,30,20.7,103.3,29042,60621-19,POINT (-87.638812 41.776931)
60621,16,43933,43939,73,208,251,716.2,171,537,589,1849,0.4,0.4,4,10,13.8,34.4,29042,60621-16,POINT (-87.638812 41.776931)
60621,12,43905,43911,12,12,41,41.3,52,56,179,192.8,0.2,0.2,0,0,0,0,29042,60621-12,POINT (-87.638812 41.776931)
60621,25,43996,44002,14,515,48,1773.3,223,2941,768,10126.7,0.1,0.2,0,50,0,172.2,29042,60621-25,POINT (-87.638812 41.776931)
60621,20,43961,43967,43,414,148,1425.5,321,1601,1105,5512.7,0.1,0.3,6,36,20.7,124,29042,60621-20,POINT (-87.638812 41.776931)
60621,15,43926,43932,49,135,169,464.8,125,366,430,1260.2,0.4,0.4,2,6,6.9,20.7,29042,60621-15,POINT (-87.638812 41.776931)
60622,23,43982,43988,13,538,25,1019.1,377,3217,714,6093.6,0,0.2,1,51,1.9,96.6,52793,60622-23,POINT (-87.681818 41.902762)
60622,15,43926,43932,61,152,116,287.9,191,537,362,1017.2,0.3,0.3,2,3,3.8,5.7,52793,60622-15,POINT (-87.681818 41.902762)
60622,11,43898,43904,5,5,10,9.5,10,12,19,22.7,0.5,0.4,0,0,0,0,52793,60622-11,POINT (-87.681818 41.902762)
60622,24,43989,43995,13,551,25,1043.7,663,3880,1256,7349.5,0,0.1,2,53,3.8,100.4,52793,60622-24,POINT (-87.681818 41.902762)
60622,19,43954,43960,59,400,112,757.7,321,1651,608,3127.3,0.2,0.2,8,41,15.2,77.7,52793,60622-19,POINT (-87.681818 41.902762)
60622,14,43919,43925,29,91,55,172.4,111,346,210,655.4,0.3,0.3,1,1,1.9,1.9,52793,60622-14,POINT (-87.681818 41.902762)
60622,18,43947,43953,79,341,150,645.9,327,1330,619,2519.3,0.2,0.3,12,33,22.7,62.5,52793,60622-18,POINT (-87.681818 41.902762)
60622,20,43961,43967,57,457,108,865.6,410,2061,777,3903.9,0.1,0.2,5,46,9.5,87.1,52793,60622-20,POINT (-87.681818 41.902762)
60622,25,43996,44002,15,566,28,1072.1,670,4550,1269,8618.6,0,0.1,2,55,3.8,104.2,52793,60622-25,POINT (-87.681818 41.902762)
60622,13,43912,43918,35,62,66,117.4,131,235,248,445.1,0.3,0.3,0,0,0,0,52793,60622-13,POINT (-87.681818 41.902762)
60622,17,43940,43946,59,262,112,496.3,243,1003,460,1899.9,0.2,0.3,10,21,18.9,39.8,52793,60622-17,POINT (-87.681818 41.902762)
60622,21,43968,43974,44,501,83,949,438,2499,830,4733.6,0.1,0.2,2,48,3.8,90.9,52793,60622-21,POINT (-87.681818 41.902762)
60622,16,43933,43939,51,203,97,384.5,223,760,422,1439.6,0.2,0.3,8,11,15.2,20.8,52793,60622-16,POINT (-87.681818 41.902762)
60622,12,43905,43911,22,27,42,51.1,92,104,174,197,0.2,0.3,0,0,0,0,52793,60622-12,POINT (-87.681818 41.902762)
60622,22,43975,43981,24,525,46,994.5,341,2840,646,5379.5,0.1,0.2,2,50,3.8,94.7,52793,60622-22,POINT (-87.681818 41.902762)
60623,21,43968,43974,270,2519,314,2929.8,1097,6670,1276,7757.7,0.2,0.4,17,107,19.8,124.4,85979,60623-21,POINT (-87.717446 41.850321)
60623,14,43919,43925,90,165,105,191.9,192,416,223,483.8,0.5,0.4,5,9,5.8,10.5,85979,60623-14,POINT (-87.717446 41.850321)
60623,18,43947,43953,572,1432,665,1665.5,1224,3154,1424,3668.3,0.5,0.5,16,52,18.6,60.5,85979,60623-18,POINT (-87.717446 41.850321)
60623,22,43975,43981,163,2682,190,3119.4,850,7520,989,8746.3,0.2,0.4,8,115,9.3,133.8,85979,60623-22,POINT (-87.717446 41.850321)
60623,23,43982,43988,63,2745,73,3192.6,459,7979,534,9280.2,0.1,0.3,9,124,10.5,144.2,85979,60623-23,POINT (-87.717446 41.850321)
60623,13,43912,43918,64,75,74,87.2,144,224,168,260.5,0.4,0.3,4,4,4.7,4.7,85979,60623-13,POINT (-87.717446 41.850321)
60623,17,43940,43946,371,860,432,1000.2,808,1930,940,2244.7,0.5,0.4,13,36,15.1,41.9,85979,60623-17,POINT (-87.717446 41.850321)
60623,24,43989,43995,43,2788,50,3242.7,660,8639,768,10047.8,0.1,0.3,7,131,8.1,152.4,85979,60623-24,POINT (-87.717446 41.850321)
60623,19,43954,43960,462,1894,537,2202.9,1179,4333,1371,5039.6,0.4,0.4,16,68,18.6,79.1,85979,60623-19,POINT (-87.717446 41.850321)
60623,16,43933,43939,194,489,226,568.7,419,1122,487,1305,0.5,0.4,9,23,10.5,26.8,85979,60623-16,POINT (-87.717446 41.850321)
60623,12,43905,43911,11,11,13,12.8,73,80,85,93,0.2,0.1,0,0,0,0,85979,60623-12,POINT (-87.717446 41.850321)
60623,20,43961,43967,355,2249,413,2615.8,1240,5573,1442,6481.8,0.3,0.4,22,90,25.6,104.7,85979,60623-20,POINT (-87.717446 41.850321)
60623,25,43996,44002,36,2824,42,3284.5,632,9271,735,10782.9,0.1,0.3,4,135,4.7,157,85979,60623-25,POINT (-87.717446 41.850321)
60623,15,43926,43932,130,295,151,343.1,287,703,334,817.6,0.5,0.4,5,14,5.8,16.3,85979,60623-15,POINT (-87.717446 41.850321)
60624,15,43926,43932,70,232,194,641.6,189,584,523,1615.1,0.4,0.4,4,9,11.1,24.9,36158,60624-15,POINT (-87.722735 41.879417)
60624,23,43982,43988,21,772,58,2135.1,227,3179,628,8792,0.1,0.2,0,26,0,71.9,36158,60624-23,POINT (-87.722735 41.879417)
60624,22,43975,43981,44,751,122,2077,332,2952,918,8164.2,0.1,0.3,2,26,5.5,71.9,36158,60624-22,POINT (-87.722735 41.879417)
60624,18,43947,43953,79,463,218,1280.5,371,1475,1026,4079.3,0.2,0.3,1,18,2.8,49.8,36158,60624-18,POINT (-87.722735 41.879417)
60624,14,43919,43925,86,162,238,448,173,395,478,1092.4,0.5,0.4,5,5,13.8,13.8,36158,60624-14,POINT (-87.722735 41.879417)
60624,19,43954,43960,78,541,216,1496.2,357,1832,987,5066.7,0.2,0.3,3,21,8.3,58.1,36158,60624-19,POINT (-87.722735 41.879417)
60624,24,43989,43995,11,783,30,2165.5,297,3476,821,9613.4,0,0.2,0,26,0,71.9,36158,60624-24,POINT (-87.722735 41.879417)
60624,17,43940,43946,69,384,191,1062,276,1104,763,3053.3,0.2,0.3,6,17,16.6,47,36158,60624-17,POINT (-87.722735 41.879417)
60624,13,43912,43918,57,76,158,210.2,132,222,365,614,0.4,0.3,0,0,0,0,36158,60624-13,POINT (-87.722735 41.879417)
60624,25,43996,44002,15,798,42,2207,273,3749,755,10368.4,0.1,0.2,4,30,11.1,83,36158,60624-25,POINT (-87.722735 41.879417)
60624,20,43961,43967,68,609,188,1684.3,334,2166,924,5990.4,0.2,0.3,1,22,2.8,60.8,36158,60624-20,POINT (-87.722735 41.879417)
60624,12,43905,43911,18,19,50,52.5,80,90,221,248.9,0.2,0.2,0,0,0,0,36158,60624-12,POINT (-87.722735 41.879417)
60624,16,43933,43939,83,315,230,871.2,244,828,675,2289.9,0.3,0.4,2,11,5.5,30.4,36158,60624-16,POINT (-87.722735 41.879417)
60624,21,43968,43974,98,707,271,1955.3,454,2620,1256,7246,0.2,0.3,2,24,5.5,66.4,36158,60624-21,POINT (-87.722735 41.879417)
60625,18,43947,43953,212,632,268,797.5,751,2153,948,2717,0.3,0.3,15,40,18.9,50.5,79243,60625-18,POINT (-87.701816 41.971155)
60625,14,43919,43925,54,103,68,130,174,416,220,525,0.3,0.2,2,3,2.5,3.8,79243,60625-14,POINT (-87.701816 41.971155)
60625,21,43968,43974,116,1033,146,1303.6,768,4173,969,5266.1,0.2,0.2,8,80,10.1,101,79243,60625-21,POINT (-87.701816 41.971155)
60625,17,43940,43946,128,420,162,530,414,1402,522,1769.2,0.3,0.3,12,25,15.1,31.5,79243,60625-17,POINT (-87.701816 41.971155)
60625,13,43912,43918,26,49,33,61.8,144,242,182,305.4,0.2,0.2,0,1,0,1.3,79243,60625-13,POINT (-87.701816 41.971155)
60625,22,43975,43981,94,1127,119,1422.2,689,4862,870,6135.6,0.1,0.2,3,83,3.8,104.7,79243,60625-22,POINT (-87.701816 41.971155)
60625,12,43905,43911,22,23,28,29,85,98,107,123.7,0.3,0.2,1,1,1.3,1.3,79243,60625-12,POINT (-87.701816 41.971155)
60625,23,43982,43988,46,1173,58,1480.3,562,5424,709,6844.8,0.1,0.2,6,89,7.6,112.3,79243,60625-23,POINT (-87.701816 41.971155)
60625,16,43933,43939,89,292,112,368.5,316,988,399,1246.8,0.3,0.3,8,13,10.1,16.4,79243,60625-16,POINT (-87.701816 41.971155)
60625,24,43989,43995,56,1229,71,1550.9,747,6171,943,7787.4,0.1,0.2,3,92,3.8,116.1,79243,60625-24,POINT (-87.701816 41.971155)
60625,19,43954,43960,146,778,184,981.8,581,2734,733,3450.1,0.3,0.3,16,56,20.2,70.7,79243,60625-19,POINT (-87.701816 41.971155)
60625,20,43961,43967,139,917,175,1157.2,671,3405,847,4296.9,0.2,0.3,16,72,20.2,90.9,79243,60625-20,POINT (-87.701816 41.971155)
60625,15,43926,43932,100,203,126,256.2,256,672,323,848,0.4,0.3,2,5,2.5,6.3,79243,60625-15,POINT (-87.701816 41.971155)
60625,25,43996,44002,25,1254,32,1582.5,711,6882,897,8684.7,0,0.2,3,95,3.8,119.9,79243,60625-25,POINT (-87.701816 41.971155)
60626,15,43926,43932,70,150,141,301.6,181,534,364,1073.8,0.4,0.3,5,7,10.1,14.1,49730,60626-15,POINT (-87.669834 42.009469)
60626,22,43975,43981,90,901,181,1811.8,611,3675,1229,7389.9,0.1,0.2,6,92,12.1,185,49730,60626-22,POINT (-87.669834 42.009469)
60626,18,43947,43953,109,570,219,1146.2,395,1686,794,3390.3,0.3,0.3,12,38,24.1,76.4,49730,60626-18,POINT (-87.669834 42.009469)
60626,23,43982,43988,39,940,78,1890.2,477,4152,959,8349.1,0.1,0.2,8,100,16.1,201.1,49730,60626-23,POINT (-87.669834 42.009469)
60626,14,43919,43925,40,80,80,160.9,130,353,261,709.8,0.3,0.2,2,2,4,4,49730,60626-14,POINT (-87.669834 42.009469)
60626,19,43954,43960,96,666,193,1339.2,530,2216,1066,4456.1,0.2,0.3,19,57,38.2,114.6,49730,60626-19,POINT (-87.669834 42.009469)
60626,24,43989,43995,23,963,46,1936.5,722,4874,1452,9800.9,0,0.2,6,106,12.1,213.2,49730,60626-24,POINT (-87.669834 42.009469)
60626,17,43940,43946,185,461,372,927,447,1291,899,2596,0.4,0.4,9,26,18.1,52.3,49730,60626-17,POINT (-87.669834 42.009469)
60626,13,43912,43918,23,40,46,80.4,127,223,255,448.4,0.2,0.2,0,0,0,0,49730,60626-13,POINT (-87.669834 42.009469)
60626,25,43996,44002,8,971,16,1952.5,574,5448,1154,10955.2,0,0.2,6,112,12.1,225.2,49730,60626-25,POINT (-87.669834 42.009469)
60626,20,43961,43967,78,744,157,1496.1,422,2638,849,5304.6,0.2,0.3,20,77,40.2,154.8,49730,60626-20,POINT (-87.669834 42.009469)
60626,12,43905,43911,16,17,32,34.2,90,96,181,193,0.2,0.2,0,0,0,0,49730,60626-12,POINT (-87.669834 42.009469)
60626,16,43933,43939,126,276,253,555,310,844,623,1697.2,0.4,0.3,10,17,20.1,34.2,49730,60626-16,POINT (-87.669834 42.009469)
60626,21,43968,43974,67,811,135,1630.8,426,3064,857,6161.3,0.2,0.3,9,86,18.1,172.9,49730,60626-21,POINT (-87.669834 42.009469)
60628,18,43947,43953,87,672,130,1007.1,494,2227,740,3337.6,0.2,0.3,14,53,21,79.4,66724,60628-18,POINT (-87.621537 41.694192)
60628,14,43919,43925,116,233,174,349.2,306,638,459,956.2,0.4,0.4,7,8,10.5,12,66724,60628-14,POINT (-87.621537 41.694192)
60628,21,43968,43974,59,873,88,1308.4,810,4114,1214,6165.7,0.1,0.2,6,79,9,118.4,66724,60628-21,POINT (-87.621537 41.694192)
60628,17,43940,43946,208,585,312,876.7,578,1733,866,2597.3,0.4,0.3,10,39,15,58.4,66724,60628-17,POINT (-87.621537 41.694192)
60628,13,43912,43918,90,117,135,175.3,217,332,325,497.6,0.4,0.4,1,1,1.5,1.5,66724,60628-13,POINT (-87.621537 41.694192)
60628,22,43975,43981,38,911,57,1365.3,665,4779,997,7162.3,0.1,0.2,11,90,16.5,134.9,66724,60628-22,POINT (-87.621537 41.694192)
60628,23,43982,43988,17,928,26,1390.8,409,5188,613,7775.3,0,0.2,4,94,6,140.9,66724,60628-23,POINT (-87.621537 41.694192)
60628,12,43905,43911,25,27,38,40.5,109,115,163,172.4,0.2,0.2,0,0,0,0,66724,60628-12,POINT (-87.621537 41.694192)
60628,16,43933,43939,78,377,117,565,309,1155,463,1731,0.3,0.3,5,29,7.5,43.5,66724,60628-16,POINT (-87.621537 41.694192)
60628,19,43954,43960,85,757,127,1134.5,532,2759,797,4134.9,0.2,0.3,12,65,18,97.4,66724,60628-19,POINT (-87.621537 41.694192)
60628,24,43989,43995,21,949,32,1422.3,479,5667,718,8493.2,0,0.2,3,97,4.5,145.4,66724,60628-24,POINT (-87.621537 41.694192)
60628,25,43996,44002,20,969,30,1452.3,484,6151,725,9218.6,0,0.2,3,100,4.5,149.9,66724,60628-25,POINT (-87.621537 41.694192)
60628,15,43926,43932,66,299,99,448.1,208,846,312,1267.9,0.3,0.4,16,24,24,36,66724,60628-15,POINT (-87.621537 41.694192)
60628,20,43961,43967,57,814,85,1220,545,3304,817,4951.7,0.1,0.2,8,73,12,109.4,66724,60628-20,POINT (-87.621537 41.694192)
60629,22,43975,43981,192,2493,172,2228.9,1100,8353,984,7468,0.2,0.3,10,71,8.9,63.5,111850,60629-22,POINT (-87.711565 41.777061)
60629,15,43926,43932,118,280,106,250.3,286,718,256,641.9,0.4,0.4,6,13,5.4,11.6,111850,60629-15,POINT (-87.711565 41.777061)
60629,14,43919,43925,82,162,73,144.8,200,432,179,386.2,0.4,0.4,7,7,6.3,6.3,111850,60629-14,POINT (-87.711565 41.777061)
60629,23,43982,43988,82,2575,73,2302.2,719,9072,643,8110.9,0.1,0.3,6,77,5.4,68.8,111850,60629-23,POINT (-87.711565 41.777061)
60629,18,43947,43953,438,1257,392,1123.8,1197,3212,1070,2871.7,0.4,0.4,6,30,5.4,26.8,111850,60629-18,POINT (-87.711565 41.777061)
60629,19,43954,43960,362,1619,324,1447.5,1280,4492,1144,4016.1,0.3,0.4,9,39,8,34.9,111850,60629-19,POINT (-87.711565 41.777061)
60629,13,43912,43918,65,80,58,71.5,149,232,133,207.4,0.4,0.3,0,0,0,0,111850,60629-13,POINT (-87.711565 41.777061)
60629,24,43989,43995,69,2644,62,2363.9,763,9835,682,8793,0.1,0.3,7,84,6.3,75.1,111850,60629-24,POINT (-87.711565 41.777061)
60629,17,43940,43946,336,819,300,732.2,831,2015,743,1801.5,0.4,0.4,7,24,6.3,21.5,111850,60629-17,POINT (-87.711565 41.777061)
60629,20,43961,43967,363,1982,324,1772,1387,5879,1240,5256.1,0.3,0.3,11,50,9.8,44.7,111850,60629-20,POINT (-87.711565 41.777061)
60629,25,43996,44002,63,2707,56,2420.2,658,10493,588,9381.3,0.1,0.3,4,88,3.6,78.7,111850,60629-25,POINT (-87.711565 41.777061)
60629,12,43905,43911,15,15,13,13.4,78,83,70,74.2,0.2,0.2,0,0,0,0,111850,60629-12,POINT (-87.711565 41.777061)
60629,21,43968,43974,319,2301,285,2057.2,1374,7253,1228,6484.6,0.2,0.3,11,61,9.8,54.5,111850,60629-21,POINT (-87.711565 41.777061)
60629,16,43933,43939,203,483,182,431.8,466,1184,417,1058.6,0.4,0.4,4,17,3.6,15.2,111850,60629-16,POINT (-87.711565 41.777061)
60630,25,43996,44002,25,685,44,1194.5,452,4618,788,8053.2,0.1,0.1,4,57,7,99.4,57344,60630-25,POINT (-87.759611 41.971261)
60630,14,43919,43925,35,71,61,123.8,180,399,314,695.8,0.2,0.2,0,2,0,3.5,57344,60630-14,POINT (-87.759611 41.971261)
60630,18,43947,43953,89,347,155,605.1,351,1624,612,2832,0.3,0.2,4,18,7,31.4,57344,60630-18,POINT (-87.759611 41.971261)
60630,21,43968,43974,74,583,129,1016.7,471,2971,821,5181,0.2,0.2,12,41,20.9,71.5,57344,60630-21,POINT (-87.759611 41.971261)
60630,13,43912,43918,23,36,40,62.8,171,219,298,381.9,0.1,0.2,1,2,1.7,3.5,57344,60630-13,POINT (-87.759611 41.971261)
60630,17,43940,43946,87,258,152,449.9,335,1273,584,2219.9,0.3,0.2,4,14,7,24.4,57344,60630-17,POINT (-87.759611 41.971261)
60630,22,43975,43981,46,629,80,1096.9,444,3415,774,5955.3,0.1,0.2,4,45,7,78.5,57344,60630-22,POINT (-87.759611 41.971261)
60630,12,43905,43911,13,13,23,22.7,42,48,73,83.7,0.3,0.3,1,1,1.7,1.7,57344,60630-12,POINT (-87.759611 41.971261)
60630,23,43982,43988,12,641,21,1117.8,334,3749,582,6537.7,0,0.2,5,50,8.7,87.2,57344,60630-23,POINT (-87.759611 41.971261)
60630,19,43954,43960,75,422,131,735.9,417,2041,727,3559.2,0.2,0.2,6,24,10.5,41.9,57344,60630-19,POINT (-87.759611 41.971261)
60630,16,43933,43939,56,171,98,298.2,321,938,560,1635.7,0.2,0.2,4,10,7,17.4,57344,60630-16,POINT (-87.759611 41.971261)
60630,24,43989,43995,19,660,33,1150.9,417,4166,727,7264.9,0,0.2,3,53,5.2,92.4,57344,60630-24,POINT (-87.759611 41.971261)
60630,20,43961,43967,87,509,152,887.6,459,2500,800,4359.7,0.2,0.2,5,29,8.7,50.6,57344,60630-20,POINT (-87.759611 41.971261)
60630,15,43926,43932,44,115,77,200.5,218,617,380,1076,0.2,0.2,4,6,7,10.5,57344,60630-15,POINT (-87.759611 41.971261)
60631,22,43975,43981,7,235,24,795.8,323,2355,1094,7975.2,0,0.1,3,21,10.2,71.1,29529,60631-22,POINT (-87.813371 41.995019)
60631,15,43926,43932,21,68,71,230.3,181,547,613,1852.4,0.1,0.1,0,1,0,3.4,29529,60631-15,POINT (-87.813371 41.995019)
60631,14,43919,43925,18,47,61,159.2,155,366,525,1239.5,0.1,0.1,1,1,3.4,3.4,29529,60631-14,POINT (-87.813371 41.995019)
60631,23,43982,43988,21,256,71,866.9,241,2596,816,8791.4,0.1,0.1,4,25,13.5,84.7,29529,60631-23,POINT (-87.813371 41.995019)
60631,18,43947,43953,21,128,71,433.5,194,1132,657,3833.5,0.1,0.1,0,2,0,6.8,29529,60631-18,POINT (-87.813371 41.995019)
60631,19,43954,43960,38,166,129,562.2,251,1383,850,4683.5,0.2,0.1,4,6,13.5,20.3,29529,60631-19,POINT (-87.813371 41.995019)
60631,24,43989,43995,9,265,30,897.4,271,2867,918,9709.1,0,0.1,1,26,3.4,88,29529,60631-24,POINT (-87.813371 41.995019)
60631,13,43912,43918,19,29,64,98.2,183,211,620,714.6,0.1,0.1,0,0,0,0,29529,60631-13,POINT (-87.813371 41.995019)
60631,20,43961,43967,36,202,122,684.1,283,1666,958,5641.9,0.1,0.1,3,9,10.2,30.5,29529,60631-20,POINT (-87.813371 41.995019)
60631,17,43940,43946,24,107,81,362.4,184,938,623,3176.5,0.1,0.1,0,2,0,6.8,29529,60631-17,POINT (-87.813371 41.995019)
60631,12,43905,43911,8,10,27,33.9,23,28,78,94.8,0.3,0.4,0,0,0,0,29529,60631-12,POINT (-87.813371 41.995019)
60631,25,43996,44002,9,274,30,927.9,293,3160,992,10701.3,0,0.1,6,32,20.3,108.4,29529,60631-25,POINT (-87.813371 41.995019)
60631,16,43933,43939,15,83,51,281.1,207,754,701,2553.4,0.1,0.1,1,2,3.4,6.8,29529,60631-16,POINT (-87.813371 41.995019)
60631,21,43968,43974,26,228,88,772.1,366,2032,1240,6881.4,0.1,0.1,9,18,30.5,61,29529,60631-21,POINT (-87.813371 41.995019)
60632,25,43996,44002,53,2668,58,2930.6,518,8566,569,9409.2,0.1,0.3,1,82,1.1,90.1,91039,60632-25,POINT (-87.711251 41.810038)
60632,14,43919,43925,50,78,55,85.7,122,295,134,324,0.4,0.3,1,2,1.1,2.2,91039,60632-14,POINT (-87.711251 41.810038)
60632,18,43947,43953,473,1245,520,1367.5,1065,2756,1170,3027.3,0.4,0.5,11,27,12.1,29.7,91039,60632-18,POINT (-87.711251 41.810038)
60632,21,43968,43974,307,2318,337,2546.2,1117,6056,1227,6652.1,0.3,0.4,8,57,8.8,62.6,91039,60632-21,POINT (-87.711251 41.810038)
60632,13,43912,43918,21,28,23,30.8,107,173,118,190,0.2,0.2,1,1,1.1,1.1,91039,60632-13,POINT (-87.711251 41.810038)
60632,17,43940,43946,358,772,393,848,692,1691,760,1857.4,0.5,0.5,7,16,7.7,17.6,91039,60632-17,POINT (-87.711251 41.810038)
60632,22,43975,43981,153,2471,168,2714.2,852,6908,936,7588,0.2,0.4,7,64,7.7,70.3,91039,60632-22,POINT (-87.711251 41.810038)
60632,12,43905,43911,4,7,4,7.7,59,66,65,72.5,0.1,0.1,0,0,0,0,91039,60632-12,POINT (-87.711251 41.810038)
60632,23,43982,43988,87,2558,96,2809.8,515,7423,566,8153.6,0.2,0.3,10,74,11,81.3,91039,60632-23,POINT (-87.711251 41.810038)
60632,19,43954,43960,401,1646,440,1808,1070,3826,1175,4202.6,0.4,0.4,13,40,14.3,43.9,91039,60632-19,POINT (-87.711251 41.810038)
60632,16,43933,43939,230,414,253,454.8,434,999,477,1097.3,0.5,0.4,1,9,1.1,9.9,91039,60632-16,POINT (-87.711251 41.810038)
60632,24,43989,43995,57,2615,63,2872.4,625,8048,686,8840.2,0.1,0.3,7,81,7.7,89,91039,60632-24,POINT (-87.711251 41.810038)
60632,20,43961,43967,365,2011,401,2208.9,1113,4939,1223,5425.1,0.3,0.4,9,49,9.9,53.8,91039,60632-20,POINT (-87.711251 41.810038)
60632,15,43926,43932,106,184,116,202.1,270,565,297,620.6,0.4,0.3,6,8,6.6,8.8,91039,60632-15,POINT (-87.711251 41.810038)
60633,16,43933,43939,7,20,54,155.4,47,110,365,854.6,0.1,0.2,0,0,0,0,12871,60633-16,POINT (-87.556037 41.653147)
60633,21,43968,43974,11,71,86,551.6,93,493,723,3830.3,0.1,0.1,0,2,0,15.5,12871,60633-21,POINT (-87.556037 41.653147)
60633,25,43996,44002,1,85,8,660.4,68,752,528,5842.6,0,0.1,0,3,0,23.3,12871,60633-25,POINT (-87.556037 41.653147)
60633,20,43961,43967,10,60,78,466.2,81,400,629,3107.8,0.1,0.2,1,2,7.8,15.5,12871,60633-20,POINT (-87.556037 41.653147)
60633,17,43940,43946,12,32,93,248.6,59,169,458,1313,0.2,0.2,0,0,0,0,12871,60633-17,POINT (-87.556037 41.653147)
60633,24,43989,43995,2,84,16,652.6,62,684,482,5314.3,0,0.1,0,3,0,23.3,12871,60633-24,POINT (-87.556037 41.653147)
60633,18,43947,43953,10,42,78,326.3,71,240,552,1864.7,0.1,0.2,0,0,0,0,12871,60633-18,POINT (-87.556037 41.653147)
60633,19,43954,43960,8,50,62,388.5,79,319,614,2478.4,0.1,0.2,1,1,7.8,7.8,12871,60633-19,POINT (-87.556037 41.653147)
60633,14,43919,43925,6,8,47,62.2,27,50,210,388.5,0.2,0.2,0,0,0,0,12871,60633-14,POINT (-87.556037 41.653147)
60633,23,43982,43988,3,82,23,637.1,48,622,373,4832.6,0.1,0.1,0,3,0,23.3,12871,60633-23,POINT (-87.556037 41.653147)
60633,22,43975,43981,8,79,62,613.8,81,574,629,4459.6,0.1,0.1,1,3,7.8,23.3,12871,60633-22,POINT (-87.556037 41.653147)
60633,15,43926,43932,5,13,39,101,13,63,101,489.5,0.4,0.2,0,0,0,0,12871,60633-15,POINT (-87.556037 41.653147)
60634,15,43926,43932,86,223,113,293.4,426,1187,561,1561.9,0.2,0.2,3,7,3.9,9.2,75995,60634-15,POINT (-87.797373 41.944967000000005)
60634,20,43961,43967,122,922,160,1213.2,799,4672,1051,6147.8,0.2,0.2,6,31,7.9,40.8,75995,60634-20,POINT (-87.797373 41.944967000000005)
60634,24,43989,43995,31,1174,41,1544.8,609,7475,801,9836.2,0.1,0.2,3,40,3.9,52.6,75995,60634-24,POINT (-87.797373 41.944967000000005)
60634,16,43933,43939,102,325,134,427.7,545,1732,717,2279.1,0.2,0.2,4,11,5.3,14.5,75995,60634-16,POINT (-87.797373 41.944967000000005)
60634,19,43954,43960,157,800,207,1052.7,757,3873,996,5096.4,0.2,0.2,4,25,5.3,32.9,75995,60634-19,POINT (-87.797373 41.944967000000005)
60634,23,43982,43988,46,1143,60,1504,524,6866,690,9034.8,0.1,0.2,1,37,1.3,48.7,75995,60634-23,POINT (-87.797373 41.944967000000005)
60634,12,43905,43911,15,16,20,21.1,68,75,90,98.7,0.2,0.2,0,0,0,0,75995,60634-12,POINT (-87.797373 41.944967000000005)
60634,22,43975,43981,71,1097,93,1443.5,801,6342,1054,8345.3,0.1,0.2,3,36,3.9,47.4,75995,60634-22,POINT (-87.797373 41.944967000000005)
60634,17,43940,43946,143,468,188,615.8,638,2370,840,3118.6,0.2,0.2,5,16,6.6,21.1,75995,60634-17,POINT (-87.797373 41.944967000000005)
60634,13,43912,43918,54,70,71,92.1,333,408,438,536.9,0.2,0.2,0,0,0,0,75995,60634-13,POINT (-87.797373 41.944967000000005)
60634,21,43968,43974,104,1026,137,1350.1,869,5541,1144,7291.3,0.1,0.2,2,33,2.6,43.4,75995,60634-21,POINT (-87.797373 41.944967000000005)
60634,18,43947,43953,175,643,230,846.1,746,3116,982,4100.3,0.2,0.2,5,21,6.6,27.6,75995,60634-18,POINT (-87.797373 41.944967000000005)
60634,14,43919,43925,67,137,88,180.3,353,761,464,1001.4,0.2,0.2,4,4,5.3,5.3,75995,60634-14,POINT (-87.797373 41.944967000000005)
60634,25,43996,44002,49,1223,64,1609.3,658,8133,866,10702,0.1,0.2,4,44,5.3,57.9,75995,60634-25,POINT (-87.797373 41.944967000000005)
60636,21,43968,43974,50,569,155,1766.9,389,2052,1208,6372.1,0.1,0.3,1,42,3.1,130.4,32203,60636-21,POINT (-87.668597 41.77599)
60636,16,43933,43939,61,239,189,742.2,150,535,466,1661.3,0.4,0.4,6,23,18.6,71.4,32203,60636-16,POINT (-87.668597 41.77599)
60636,25,43996,44002,19,658,59,2043.3,234,3096,727,9614,0.1,0.2,1,48,3.1,149.1,32203,60636-25,POINT (-87.668597 41.77599)
60636,12,43905,43911,12,14,37,43.5,47,53,146,164.6,0.3,0.3,1,1,3.1,3.1,32203,60636-12,POINT (-87.668597 41.77599)
60636,17,43940,43946,66,305,205,947.1,222,757,689,2350.7,0.3,0.4,5,28,15.5,86.9,32203,60636-17,POINT (-87.668597 41.77599)
60636,20,43961,43967,70,519,217,1611.7,340,1663,1056,5164.1,0.2,0.3,3,41,9.3,127.3,32203,60636-20,POINT (-87.668597 41.77599)
60636,13,43912,43918,38,52,118,161.5,93,146,289,453.4,0.4,0.4,1,2,3.1,6.2,32203,60636-13,POINT (-87.668597 41.77599)
60636,24,43989,43995,13,639,40,1984.3,249,2862,773,8887.4,0.1,0.2,2,47,6.2,145.9,32203,60636-24,POINT (-87.668597 41.77599)
60636,18,43947,43953,75,380,233,1180,258,1015,801,3151.9,0.3,0.4,5,33,15.5,102.5,32203,60636-18,POINT (-87.668597 41.77599)
60636,14,43919,43925,74,126,230,391.3,134,280,416,869.5,0.6,0.4,6,8,18.6,24.8,32203,60636-14,POINT (-87.668597 41.77599)
60636,19,43954,43960,69,449,214,1394.3,308,1323,956,4108.3,0.2,0.3,5,38,15.5,118,32203,60636-19,POINT (-87.668597 41.77599)
60636,23,43982,43988,20,626,62,1943.9,215,2613,668,8114.2,0.1,0.2,1,45,3.1,139.7,32203,60636-23,POINT (-87.668597 41.77599)
60636,22,43975,43981,37,606,115,1881.8,346,2398,1074,7446.5,0.1,0.3,2,44,6.2,136.6,32203,60636-22,POINT (-87.668597 41.77599)
60636,15,43926,43932,52,178,162,552.7,105,385,326,1195.5,0.5,0.5,9,17,27.9,52.8,32203,60636-15,POINT (-87.668597 41.77599)
60637,15,43926,43932,55,164,116,345.6,180,642,379,1352.9,0.3,0.3,2,4,4.2,8.4,47454,60637-15,POINT (-87.604053 41.780991)
60637,20,43961,43967,79,469,166,988.3,497,2700,1047,5689.7,0.2,0.2,3,17,6.3,35.8,47454,60637-20,POINT (-87.604053 41.780991)
60637,24,43989,43995,10,575,21,1211.7,410,4375,864,9219.5,0,0.1,2,24,4.2,50.6,47454,60637-24,POINT (-87.604053 41.780991)
60637,16,43933,43939,56,220,118,463.6,216,858,455,1808.1,0.3,0.3,4,8,8.4,16.9,47454,60637-16,POINT (-87.604053 41.780991)
60637,19,43954,43960,54,390,114,821.8,456,2203,961,4642.4,0.1,0.2,0,14,0,29.5,47454,60637-19,POINT (-87.604053 41.780991)
60637,23,43982,43988,15,565,32,1190.6,306,3965,645,8355.5,0,0.1,2,22,4.2,46.4,47454,60637-23,POINT (-87.604053 41.780991)
60637,12,43905,43911,21,21,44,44.3,145,151,306,318.2,0.1,0.1,0,0,0,0,47454,60637-12,POINT (-87.604053 41.780991)
60637,22,43975,43981,32,550,67,1159,443,3659,934,7710.6,0.1,0.2,3,20,6.3,42.1,47454,60637-22,POINT (-87.604053 41.780991)
60637,17,43940,43946,73,293,154,617.4,522,1380,1100,2908.1,0.1,0.2,5,13,10.5,27.4,47454,60637-17,POINT (-87.604053 41.780991)
60637,13,43912,43918,36,57,76,120.1,148,299,312,630.1,0.2,0.2,0,0,0,0,47454,60637-13,POINT (-87.604053 41.780991)
60637,21,43968,43974,49,518,103,1091.6,516,3216,1087,6777.1,0.1,0.2,0,17,0,35.8,47454,60637-21,POINT (-87.604053 41.780991)
60637,18,43947,43953,43,336,91,708.1,367,1747,773,3681.5,0.1,0.2,1,14,2.1,29.5,47454,60637-18,POINT (-87.604053 41.780991)
60637,14,43919,43925,52,109,110,229.7,163,462,344,973.6,0.3,0.2,2,2,4.2,4.2,47454,60637-14,POINT (-87.604053 41.780991)
60637,25,43996,44002,8,583,17,1228.6,399,4774,841,10060.3,0,0.1,0,24,0,50.6,47454,60637-25,POINT (-87.604053 41.780991)
60638,16,43933,43939,71,207,121,352.1,309,931,526,1583.4,0.2,0.2,3,6,5.1,10.2,58797,60638-16,POINT (-87.771902 41.787032)
60638,21,43968,43974,87,814,148,1384.4,564,3595,959,6114.3,0.2,0.2,2,26,3.4,44.2,58797,60638-21,POINT (-87.771902 41.787032)
60638,25,43996,44002,13,911,22,1549.4,365,5120,621,8707.9,0,0.2,1,32,1.7,54.4,58797,60638-25,POINT (-87.771902 41.787032)
60638,17,43940,43946,139,346,236,588.5,469,1400,798,2381.1,0.3,0.2,1,7,1.7,11.9,58797,60638-17,POINT (-87.771902 41.787032)
60638,12,43905,43911,8,8,14,13.6,41,43,70,73.1,0.2,0.2,0,0,0,0,58797,60638-12,POINT (-87.771902 41.787032)
60638,24,43989,43995,24,898,41,1527.3,394,4755,670,8087.1,0.1,0.2,2,31,3.4,52.7,58797,60638-24,POINT (-87.771902 41.787032)
60638,20,43961,43967,109,727,185,1236.5,544,3031,925,5155,0.2,0.2,5,24,8.5,40.8,58797,60638-20,POINT (-87.771902 41.787032)
60638,18,43947,43953,142,488,242,830,530,1930,901,3282.5,0.3,0.3,9,16,15.3,27.2,58797,60638-18,POINT (-87.771902 41.787032)
60638,13,43912,43918,33,41,56,69.7,160,203,272,345.3,0.2,0.2,0,0,0,0,58797,60638-13,POINT (-87.771902 41.787032)
60638,23,43982,43988,18,874,31,1486.5,316,4361,537,7417,0.1,0.2,0,29,0,49.3,58797,60638-23,POINT (-87.771902 41.787032)
60638,14,43919,43925,34,75,58,127.6,188,391,320,665,0.2,0.2,1,1,1.7,1.7,58797,60638-14,POINT (-87.771902 41.787032)
60638,19,43954,43960,130,618,221,1051.1,557,2487,947,4229.8,0.2,0.2,3,19,5.1,32.3,58797,60638-19,POINT (-87.771902 41.787032)
60638,15,43926,43932,61,136,104,231.3,231,622,393,1057.9,0.3,0.2,2,3,3.4,5.1,58797,60638-15,POINT (-87.771902 41.787032)
60638,22,43975,43981,42,856,71,1455.9,450,4045,765,6879.6,0.1,0.2,3,29,5.1,49.3,58797,60638-22,POINT (-87.771902 41.787032)
60639,15,43926,43932,124,265,137,292.8,313,723,346,798.7,0.4,0.4,5,7,5.5,7.7,90517,60639-15,POINT (-87.75531 41.920609)
60639,24,43989,43995,69,2738,76,3024.8,687,9920,759,10959.3,0.1,0.3,7,93,7.7,102.7,90517,60639-24,POINT (-87.75531 41.920609)
60639,20,43961,43967,336,2087,371,2305.6,1273,6063,1406,6698.2,0.3,0.3,8,68,8.8,75.1,90517,60639-20,POINT (-87.75531 41.920609)
60639,16,43933,43939,220,485,243,535.8,569,1292,629,1427.4,0.4,0.4,14,21,15.5,23.2,90517,60639-16,POINT (-87.75531 41.920609)
60639,23,43982,43988,81,2669,90,2948.6,743,9233,821,10200.3,0.1,0.3,4,86,4.4,95,90517,60639-23,POINT (-87.75531 41.920609)
60639,19,43954,43960,432,1751,477,1934.4,1342,4790,1483,5291.8,0.3,0.4,17,60,18.8,66.3,90517,60639-19,POINT (-87.75531 41.920609)
60639,22,43975,43981,181,2588,200,2859.1,1071,8490,1183,9379.5,0.2,0.3,3,82,3.3,90.6,90517,60639-22,POINT (-87.75531 41.920609)
60639,17,43940,43946,344,829,380,915.9,884,2176,977,2404,0.4,0.4,10,31,11,34.2,90517,60639-17,POINT (-87.75531 41.920609)
60639,12,43905,43911,13,13,14,14.4,60,68,66,75.1,0.2,0.2,1,1,1.1,1.1,90517,60639-12,POINT (-87.75531 41.920609)
60639,18,43947,43953,490,1319,541,1457.2,1272,3448,1405,3809.2,0.4,0.4,12,43,13.3,47.5,90517,60639-18,POINT (-87.75531 41.920609)
60639,13,43912,43918,48,61,53,67.4,139,207,154,228.7,0.3,0.3,0,1,0,1.1,90517,60639-13,POINT (-87.75531 41.920609)
60639,21,43968,43974,320,2407,354,2659.2,1356,7419,1498,8196.3,0.2,0.3,11,79,12.2,87.3,90517,60639-21,POINT (-87.75531 41.920609)
60639,14,43919,43925,80,141,88,155.8,203,410,224,453,0.4,0.3,1,2,1.1,2.2,90517,60639-14,POINT (-87.75531 41.920609)
60639,25,43996,44002,49,2787,54,3079,728,10648,804,11763.5,0.1,0.3,6,99,6.6,109.4,90517,60639-25,POINT (-87.75531 41.920609)
60640,16,43933,43939,127,286,182,410.2,324,898,465,1288.1,0.4,0.3,7,15,10,21.5,69715,60640-16,POINT (-87.662232 41.971888)
60640,21,43968,43974,50,679,72,974,489,3238,701,4644.6,0.1,0.2,7,76,10,109,69715,60640-21,POINT (-87.662232 41.971888)
60640,25,43996,44002,12,754,17,1081.5,817,6002,1172,8609.3,0,0.1,0,82,0,117.6,69715,60640-25,POINT (-87.662232 41.971888)
60640,17,43940,43946,137,423,196,606.8,490,1388,703,1991,0.3,0.3,13,28,18.6,40.2,69715,60640-17,POINT (-87.662232 41.971888)
60640,12,43905,43911,17,20,24,28.7,94,113,135,162.1,0.2,0.2,0,0,0,0,69715,60640-12,POINT (-87.662232 41.971888)
60640,24,43989,43995,19,742,27,1064.3,814,5185,1168,7437.4,0,0.1,2,82,2.9,117.6,69715,60640-24,POINT (-87.662232 41.971888)
60640,20,43961,43967,55,629,79,902.2,462,2749,663,3943.2,0.1,0.2,10,69,14.3,99,69715,60640-20,POINT (-87.662232 41.971888)
60640,13,43912,43918,33,53,47,76,116,229,166,328.5,0.3,0.2,1,1,1.4,1.4,69715,60640-13,POINT (-87.662232 41.971888)
60640,18,43947,43953,92,515,132,738.7,457,1845,656,2646.5,0.2,0.3,15,43,21.5,61.7,69715,60640-18,POINT (-87.662232 41.971888)
60640,23,43982,43988,18,723,26,1037.1,563,4371,808,6269.8,0,0.2,2,80,2.9,114.8,69715,60640-23,POINT (-87.662232 41.971888)
60640,19,43954,43960,59,574,85,823.4,442,2287,634,3280.5,0.1,0.3,16,59,23,84.6,69715,60640-19,POINT (-87.662232 41.971888)
60640,15,43926,43932,66,159,95,228.1,185,574,265,823.4,0.4,0.3,5,8,7.2,11.5,69715,60640-15,POINT (-87.662232 41.971888)
60640,14,43919,43925,40,93,57,133.4,160,389,230,558,0.2,0.2,2,3,2.9,4.3,69715,60640-14,POINT (-87.662232 41.971888)
60640,22,43975,43981,26,705,37,1011.3,570,3808,818,5462.2,0,0.2,2,78,2.9,111.9,69715,60640-22,POINT (-87.662232 41.971888)
60641,15,43926,43932,88,160,124,225.3,282,650,397,915.2,0.3,0.2,4,6,5.6,8.4,71023,60641-15,POINT (-87.746791 41.946682)
60641,14,43919,43925,39,72,55,101.4,171,368,241,518.1,0.2,0.2,2,2,2.8,2.8,71023,60641-14,POINT (-87.746791 41.946682)
60641,24,43989,43995,34,1228,48,1729,718,6491,1011,9139.3,0,0.2,3,46,4.2,64.8,71023,60641-24,POINT (-87.746791 41.946682)
60641,20,43961,43967,154,887,217,1248.9,744,3601,1048,5070.2,0.2,0.2,7,37,9.9,52.1,71023,60641-20,POINT (-87.746791 41.946682)
60641,16,43933,43939,87,247,122,347.8,332,982,468,1382.7,0.3,0.3,5,11,7,15.5,71023,60641-16,POINT (-87.746791 41.946682)
60641,23,43982,43988,61,1194,86,1681.1,557,5773,784,8128.4,0.1,0.2,2,43,2.8,60.5,71023,60641-23,POINT (-87.746791 41.946682)
60641,19,43954,43960,154,733,217,1032.1,728,2857,1025,4022.6,0.2,0.3,8,30,11.3,42.2,71023,60641-19,POINT (-87.746791 41.946682)
60641,17,43940,43946,145,392,204,551.9,521,1503,734,2116.2,0.3,0.3,5,16,7,22.5,71023,60641-17,POINT (-87.746791 41.946682)
60641,12,43905,43911,9,10,13,14.1,62,68,87,95.7,0.1,0.1,0,0,0,0,71023,60641-12,POINT (-87.746791 41.946682)
60641,22,43975,43981,95,1133,134,1595.3,813,5216,1145,7344.1,0.1,0.2,1,41,1.4,57.7,71023,60641-22,POINT (-87.746791 41.946682)
60641,13,43912,43918,23,33,32,46.5,129,197,182,277.4,0.2,0.2,0,0,0,0,71023,60641-13,POINT (-87.746791 41.946682)
60641,18,43947,43953,187,579,263,815.2,626,2129,881,2997.6,0.3,0.3,6,22,8.4,31,71023,60641-18,POINT (-87.746791 41.946682)
60641,21,43968,43974,151,1038,213,1461.5,802,4403,1129,6199.4,0.2,0.2,3,40,4.2,56.3,71023,60641-21,POINT (-87.746791 41.946682)
60641,25,43996,44002,30,1258,42,1771.3,678,7169,955,10093.9,0,0.2,2,48,2.8,67.6,71023,60641-25,POINT (-87.746791 41.946682)
60642,15,43926,43932,8,32,40,158.4,47,187,233,925.7,0.2,0.2,0,0,0,0,20201,60642-15,POINT (-87.657821 41.899935)
60642,25,43996,44002,16,153,79,757.4,271,1659,1342,8212.5,0.1,0.1,1,12,5,59.4,20201,60642-25,POINT (-87.657821 41.899935)
60642,21,43968,43974,16,123,79,608.9,150,888,742,4395.8,0.1,0.1,3,7,14.9,34.7,20201,60642-21,POINT (-87.657821 41.899935)
60642,16,43933,43939,5,37,25,183.2,73,260,361,1287.1,0.1,0.1,1,1,5,5,20201,60642-16,POINT (-87.657821 41.899935)
60642,20,43961,43967,11,107,54,529.7,142,738,703,3653.3,0.1,0.1,0,4,0,19.8,20201,60642-20,POINT (-87.657821 41.899935)
60642,17,43940,43946,30,67,148,331.7,113,373,559,1846.4,0.3,0.2,0,1,0,5,20201,60642-17,POINT (-87.657821 41.899935)
60642,24,43989,43995,7,137,35,678.2,236,1388,1168,6870.9,0,0.1,1,11,5,54.5,20201,60642-24,POINT (-87.657821 41.899935)
60642,19,43954,43960,13,96,64,475.2,116,596,574,2950.3,0.1,0.2,3,4,14.9,19.8,20201,60642-19,POINT (-87.657821 41.899935)
60642,23,43982,43988,4,130,20,643.5,120,1152,594,5702.7,0,0.1,1,10,5,49.5,20201,60642-23,POINT (-87.657821 41.899935)
60642,18,43947,43953,16,83,79,410.9,107,480,530,2376.1,0.2,0.2,0,1,0,5,20201,60642-18,POINT (-87.657821 41.899935)
60642,13,43912,43918,11,15,54,74.3,63,101,312,500,0.2,0.1,0,0,0,0,20201,60642-13,POINT (-87.657821 41.899935)
60642,22,43975,43981,3,126,15,623.7,144,1032,713,5108.7,0,0.1,2,9,9.9,44.6,20201,60642-22,POINT (-87.657821 41.899935)
60642,14,43919,43925,9,24,45,118.8,39,140,193,693,0.2,0.2,0,0,0,0,20201,60642-14,POINT (-87.657821 41.899935)
60643,20,43961,43967,32,530,64,1062.8,393,2944,788,5903.3,0.1,0.2,3,43,6,86.2,49870,60643-20,POINT (-87.662381 41.700445)
60643,24,43989,43995,13,596,26,1195.1,389,4565,780,9153.8,0,0.1,4,62,8,124.3,49870,60643-24,POINT (-87.662381 41.700445)
60643,14,43919,43925,91,174,182,348.9,227,486,455,974.5,0.4,0.4,3,3,6,6,49870,60643-14,POINT (-87.662381 41.700445)
60643,15,43926,43932,80,254,160,509.3,208,694,417,1391.6,0.4,0.4,7,10,14,20.1,49870,60643-15,POINT (-87.662381 41.700445)
60643,19,43954,43960,34,498,68,998.6,352,2551,706,5115.3,0.1,0.2,5,40,10,80.2,49870,60643-19,POINT (-87.662381 41.700445)
60643,23,43982,43988,9,583,18,1169,289,4176,580,8373.8,0,0.1,3,58,6,116.3,49870,60643-23,POINT (-87.662381 41.700445)
60643,16,43933,43939,47,301,94,603.6,262,956,525,1917,0.2,0.3,10,20,20.1,40.1,49870,60643-16,POINT (-87.662381 41.700445)
60643,22,43975,43981,20,574,40,1151,425,3887,852,7794.3,0,0.1,7,55,14,110.3,49870,60643-22,POINT (-87.662381 41.700445)
60643,12,43905,43911,19,20,38,40.1,75,82,150,164.4,0.3,0.2,0,0,0,0,49870,60643-12,POINT (-87.662381 41.700445)
60643,17,43940,43946,127,428,255,858.2,851,1807,1706,3623.4,0.1,0.2,3,23,6,46.1,49870,60643-17,POINT (-87.662381 41.700445)
60643,25,43996,44002,6,602,12,1207.1,448,5013,898,10052.1,0,0.1,1,63,2,126.3,49870,60643-25,POINT (-87.662381 41.700445)
60643,21,43968,43974,24,554,48,1110.9,518,3462,1039,6942,0,0.2,5,48,10,96.3,49870,60643-21,POINT (-87.662381 41.700445)
60643,18,43947,43953,36,464,72,930.4,392,2199,786,4409.5,0.1,0.2,12,35,24.1,70.2,49870,60643-18,POINT (-87.662381 41.700445)
60643,13,43912,43918,63,83,126,166.4,177,259,355,519.4,0.4,0.3,0,0,0,0,49870,60643-13,POINT (-87.662381 41.700445)
60644,21,43968,43974,105,1003,220,2102.2,550,3809,1153,7983.3,0.2,0.3,12,67,25.2,140.4,47712,60644-21,POINT (-87.756863 41.881113)
60644,15,43926,43932,104,272,218,570.1,235,625,492,1309.9,0.4,0.4,3,9,6.3,18.9,47712,60644-15,POINT (-87.756863 41.881113)
60644,25,43996,44002,15,1180,31,2473.2,380,5584,796,11703.6,0,0.2,2,87,4.2,182.3,47712,60644-25,POINT (-87.756863 41.881113)
60644,16,43933,43939,75,347,157,727.3,269,894,564,1873.7,0.3,0.4,6,15,12.6,31.4,47712,60644-16,POINT (-87.756863 41.881113)
60644,20,43961,43967,94,898,197,1882.1,486,3259,1019,6830.6,0.2,0.3,7,55,14.7,115.3,47712,60644-20,POINT (-87.756863 41.881113)
60644,24,43989,43995,9,1165,19,2441.7,397,5204,832,10907.1,0,0.2,7,85,14.7,178.2,47712,60644-24,POINT (-87.756863 41.881113)
60644,17,43940,43946,211,558,442,1169.5,513,1407,1075,2948.9,0.4,0.4,13,28,27.2,58.7,47712,60644-17,POINT (-87.756863 41.881113)
60644,12,43905,43911,17,22,36,46.1,78,96,164,201.2,0.2,0.2,0,0,0,0,47712,60644-12,POINT (-87.756863 41.881113)
60644,19,43954,43960,103,804,216,1685.1,668,2773,1400,5812,0.2,0.3,5,48,10.5,100.6,47712,60644-19,POINT (-87.756863 41.881113)
60644,23,43982,43988,33,1156,69,2422.9,357,4807,748,10075,0.1,0.2,7,78,14.7,163.5,47712,60644-23,POINT (-87.756863 41.881113)
60644,13,43912,43918,64,86,134,180.2,130,226,272,473.7,0.5,0.4,0,0,0,0,47712,60644-13,POINT (-87.756863 41.881113)
60644,18,43947,43953,143,701,300,1469.2,698,2105,1463,4411.9,0.2,0.3,15,43,31.4,90.1,47712,60644-18,POINT (-87.756863 41.881113)
60644,11,43898,43904,3,5,6,10.5,13,18,27,37.7,0.2,0.3,0,0,0,0,47712,60644-11,POINT (-87.756863 41.881113)
60644,22,43975,43981,120,1123,252,2353.7,641,4450,1344,9326.8,0.2,0.3,4,71,8.4,148.8,47712,60644-22,POINT (-87.756863 41.881113)
60644,14,43919,43925,82,168,172,352.1,164,390,344,817.4,0.5,0.4,6,6,12.6,12.6,47712,60644-14,POINT (-87.756863 41.881113)
60645,20,43961,43967,118,865,247,1812.2,504,2804,1056,5874.5,0.2,0.3,10,53,21,111,47732,60645-20,POINT (-87.695049 42.008927)
60645,24,43989,43995,29,1015,61,2126.5,402,4183,842,8763.5,0.1,0.2,0,65,0,136.2,47732,60645-24,POINT (-87.695049 42.008927)
60645,14,43919,43925,104,228,218,477.7,239,574,501,1202.5,0.4,0.4,2,2,4.2,4.2,47732,60645-14,POINT (-87.695049 42.008927)
60645,15,43926,43932,105,333,220,697.6,254,828,532,1734.7,0.4,0.4,6,8,12.6,16.8,47732,60645-15,POINT (-87.695049 42.008927)
60645,19,43954,43960,72,747,151,1565,371,2300,777,4818.6,0.2,0.3,6,43,12.6,90.1,47732,60645-19,POINT (-87.695049 42.008927)
60645,23,43982,43988,27,986,57,2065.7,315,3781,660,7921.3,0.1,0.3,2,65,4.2,136.2,47732,60645-23,POINT (-87.695049 42.008927)
60645,16,43933,43939,136,469,285,982.6,343,1171,719,2453.3,0.4,0.4,8,16,16.8,33.5,47732,60645-16,POINT (-87.695049 42.008927)
60645,22,43975,43981,41,959,86,2009.1,305,3466,639,7261.4,0.1,0.3,4,63,8.4,132,47732,60645-22,POINT (-87.695049 42.008927)
60645,17,43940,43946,102,571,214,1196.3,299,1470,626,3079.7,0.3,0.4,11,27,23,56.6,47732,60645-17,POINT (-87.695049 42.008927)
60645,12,43905,43911,23,23,48,48.2,77,81,161,169.7,0.3,0.3,0,0,0,0,47732,60645-12,POINT (-87.695049 42.008927)
60645,25,43996,44002,14,1029,29,2155.8,355,4538,744,9507.2,0,0.2,1,66,2.1,138.3,47732,60645-25,POINT (-87.695049 42.008927)
60645,21,43968,43974,53,918,111,1923.2,357,3161,748,6622.4,0.1,0.3,6,59,12.6,123.6,47732,60645-21,POINT (-87.695049 42.008927)
60645,18,43947,43953,104,675,218,1414.1,459,1929,962,4041.3,0.2,0.4,10,37,21,77.5,47732,60645-18,POINT (-87.695049 42.008927)
60645,13,43912,43918,101,124,212,259.8,254,335,532,701.8,0.4,0.4,0,0,0,0,47732,60645-13,POINT (-87.695049 42.008927)
60646,21,43968,43974,27,310,96,1107.7,207,1682,740,6009.9,0.1,0.2,3,34,10.7,121.5,27987,60646-21,POINT (-87.761826 41.993931)
60646,15,43926,43932,12,49,43,175.1,127,400,454,1429.2,0.1,0.1,1,3,3.6,10.7,27987,60646-15,POINT (-87.761826 41.993931)
60646,25,43996,44002,5,344,18,1229.1,268,2533,958,9050.6,0,0.1,0,41,0,146.5,27987,60646-25,POINT (-87.761826 41.993931)
60646,20,43961,43967,28,283,100,1011.2,212,1475,758,5270.3,0.1,0.2,7,31,25,110.8,27987,60646-20,POINT (-87.761826 41.993931)
60646,16,43933,43939,18,67,64,239.4,140,540,500,1929.5,0.1,0.1,0,3,0,10.7,27987,60646-16,POINT (-87.761826 41.993931)
60646,12,43905,43911,7,8,25,28.6,35,41,125,146.5,0.2,0.2,0,0,0,0,27987,60646-12,POINT (-87.761826 41.993931)
60646,24,43989,43995,8,339,29,1211.3,225,2265,804,8093,0,0.2,2,41,7.1,146.5,27987,60646-24,POINT (-87.761826 41.993931)
60646,17,43940,43946,104,171,372,611,326,866,1165,3094.3,0.3,0.2,2,5,7.1,17.9,27987,60646-17,POINT (-87.761826 41.993931)
60646,19,43954,43960,38,255,136,911.1,194,1263,693,4512.8,0.2,0.2,15,24,53.6,85.8,27987,60646-19,POINT (-87.761826 41.993931)
60646,18,43947,43953,46,217,164,775.4,203,1069,725,3819.6,0.2,0.2,4,9,14.3,32.2,27987,60646-18,POINT (-87.761826 41.993931)
60646,13,43912,43918,16,24,57,85.8,113,154,404,550.3,0.1,0.2,2,2,7.1,7.1,27987,60646-13,POINT (-87.761826 41.993931)
60646,23,43982,43988,5,331,18,1182.7,167,2040,597,7289.1,0,0.2,3,39,10.7,139.4,27987,60646-23,POINT (-87.761826 41.993931)
60646,22,43975,43981,16,326,57,1164.8,191,1873,682,6692.4,0.1,0.2,2,36,7.1,128.6,27987,60646-22,POINT (-87.761826 41.993931)
60646,14,43919,43925,13,37,46,132.2,119,273,425,975.5,0.1,0.1,0,2,0,7.1,27987,60646-14,POINT (-87.761826 41.993931)
60647,20,43961,43967,149,893,170,1020.5,702,3544,802,4049.9,0.2,0.3,11,55,12.6,62.9,87509,60647-20,POINT (-87.701101 41.921058)
60647,14,43919,43925,34,78,39,89.1,172,467,197,533.7,0.2,0.2,1,1,1.1,1.1,87509,60647-14,POINT (-87.701101 41.921058)
60647,24,43989,43995,37,1151,42,1315.3,1113,6700,1272,7656.4,0,0.2,3,81,3.4,92.6,87509,60647-24,POINT (-87.701101 41.921058)
60647,19,43954,43960,149,744,170,850.2,658,2842,752,3247.7,0.2,0.3,16,44,18.3,50.3,87509,60647-19,POINT (-87.701101 41.921058)
60647,15,43926,43932,58,136,66,155.4,231,698,264,797.6,0.3,0.2,0,1,0,1.1,87509,60647-15,POINT (-87.701101 41.921058)
60647,11,43898,43904,8,8,9,9.1,24,24,27,27.4,0.3,0.3,0,0,0,0,87509,60647-11,POINT (-87.701101 41.921058)
60647,23,43982,43988,41,1114,47,1273,656,5587,750,6384.5,0.1,0.2,5,78,5.7,89.1,87509,60647-23,POINT (-87.701101 41.921058)
60647,22,43975,43981,75,1073,86,1226.2,636,4931,727,5634.8,0.1,0.2,6,73,6.9,83.4,87509,60647-22,POINT (-87.701101 41.921058)
60647,16,43933,43939,105,241,120,275.4,355,1053,406,1203.3,0.3,0.2,6,7,6.9,8,87509,60647-16,POINT (-87.701101 41.921058)
60647,12,43905,43911,12,20,14,22.9,105,129,120,147.4,0.1,0.2,0,0,0,0,87509,60647-12,POINT (-87.701101 41.921058)
60647,17,43940,43946,188,429,215,490.2,549,1602,627,1830.7,0.3,0.3,9,16,10.3,18.3,87509,60647-17,POINT (-87.701101 41.921058)
60647,21,43968,43974,105,998,120,1140.5,751,4295,858,4908.1,0.1,0.2,12,67,13.7,76.6,87509,60647-21,POINT (-87.701101 41.921058)
60647,25,43996,44002,38,1189,43,1358.7,913,7613,1043,8699.7,0,0.2,4,85,4.6,97.1,87509,60647-25,POINT (-87.701101 41.921058)
60647,18,43947,43953,166,595,190,679.9,582,2184,665,2495.7,0.3,0.3,12,28,13.7,32,87509,60647-18,POINT (-87.701101 41.921058)
60647,13,43912,43918,24,44,27,50.3,166,295,190,337.1,0.1,0.1,0,0,0,0,87509,60647-13,POINT (-87.701101 41.921058)
60649,15,43926,43932,66,203,143,441.1,169,631,367,1371,0.4,0.3,12,22,26.1,47.8,46024,60649-15,POINT (-87.571522 41.762202)
60649,21,43968,43974,39,675,85,1466.6,587,3226,1275,7009.4,0.1,0.2,6,100,13,217.3,46024,60649-21,POINT (-87.571522 41.762202)
60649,25,43996,44002,12,749,26,1627.4,388,4692,843,10194.7,0,0.2,1,116,2.2,252,46024,60649-25,POINT (-87.571522 41.762202)
60649,20,43961,43967,46,636,100,1381.9,471,2639,1023,5734,0.1,0.2,12,94,26.1,204.2,46024,60649-20,POINT (-87.571522 41.762202)
60649,16,43933,43939,79,282,172,612.7,268,899,582,1953.3,0.3,0.3,15,37,32.6,80.4,46024,60649-16,POINT (-87.571522 41.762202)
60649,12,43905,43911,25,25,54,54.3,119,122,259,265.1,0.2,0.2,0,0,0,0,46024,60649-12,POINT (-87.571522 41.762202)
60649,24,43989,43995,7,737,15,1601.3,402,4304,874,9351.6,0,0.2,3,115,6.5,249.9,46024,60649-24,POINT (-87.571522 41.762202)
60649,19,43954,43960,65,590,141,1281.9,451,2168,980,4710.6,0.1,0.3,11,82,23.9,178.2,46024,60649-19,POINT (-87.571522 41.762202)
60649,17,43940,43946,176,458,382,995.1,470,1369,1021,2974.5,0.4,0.3,10,47,21.7,102.1,46024,60649-17,POINT (-87.571522 41.762202)
60649,23,43982,43988,23,730,50,1586.1,276,3902,600,8478.2,0.1,0.2,8,112,17.4,243.4,46024,60649-23,POINT (-87.571522 41.762202)
60649,13,43912,43918,48,73,104,158.6,152,274,330,595.3,0.3,0.3,3,3,6.5,6.5,46024,60649-13,POINT (-87.571522 41.762202)
60649,18,43947,43953,67,525,146,1140.7,348,1717,756,3730.7,0.2,0.3,24,71,52.1,154.3,46024,60649-18,POINT (-87.571522 41.762202)
60649,22,43975,43981,32,707,70,1536.2,400,3626,869,7878.5,0.1,0.2,4,104,8.7,226,46024,60649-22,POINT (-87.571522 41.762202)
60649,14,43919,43925,64,137,139,297.7,188,462,408,1003.8,0.3,0.3,7,10,15.2,21.7,46024,60649-14,POINT (-87.571522 41.762202)
60651,18,43947,43953,212,753,335,1191.1,714,2231,1129,3529.1,0.3,0.3,6,35,9.5,55.4,63218,60651-18,POINT (-87.741017 41.901964)
60651,20,43961,43967,174,1123,275,1776.4,711,3707,1125,5863.8,0.2,0.3,9,50,14.2,79.1,63218,60651-20,POINT (-87.741017 41.901964)
60651,14,43919,43925,70,150,111,237.3,191,403,302,637.5,0.4,0.4,7,7,11.1,11.1,63218,60651-14,POINT (-87.741017 41.901964)
60651,24,43989,43995,41,1518,65,2401.2,543,6109,859,9663.4,0.1,0.2,1,67,1.6,106,63218,60651-24,POINT (-87.741017 41.901964)
60651,19,43954,43960,196,949,310,1501.2,765,2996,1210,4739.2,0.3,0.3,6,41,9.5,64.9,63218,60651-19,POINT (-87.741017 41.901964)
60651,15,43926,43932,107,257,169,406.5,256,659,405,1042.4,0.4,0.4,6,13,9.5,20.6,63218,60651-15,POINT (-87.741017 41.901964)
60651,23,43982,43988,44,1477,70,2336.4,400,5566,633,8804.5,0.1,0.3,3,66,4.7,104.4,63218,60651-23,POINT (-87.741017 41.901964)
60651,22,43975,43981,122,1433,193,2266.8,646,5166,1022,8171.7,0.2,0.3,5,63,7.9,99.7,63218,60651-22,POINT (-87.741017 41.901964)
60651,16,43933,43939,113,370,179,585.3,347,1006,549,1591.3,0.3,0.4,5,18,7.9,28.5,63218,60651-16,POINT (-87.741017 41.901964)
60651,12,43905,43911,15,15,24,23.7,58,65,92,102.8,0.3,0.2,0,0,0,0,63218,60651-12,POINT (-87.741017 41.901964)
60651,17,43940,43946,171,541,270,855.8,511,1517,808,2399.6,0.3,0.4,11,29,17.4,45.9,63218,60651-17,POINT (-87.741017 41.901964)
60651,21,43968,43974,188,1311,297,2073.8,813,4520,1286,7149.9,0.2,0.3,8,58,12.7,91.7,63218,60651-21,POINT (-87.741017 41.901964)
60651,25,43996,44002,32,1550,51,2451.8,470,6579,744,10406.8,0.1,0.2,4,71,6.3,112.3,63218,60651-25,POINT (-87.741017 41.901964)
60651,13,43912,43918,65,80,103,126.5,147,212,232,335.3,0.4,0.4,0,0,0,0,63218,60651-13,POINT (-87.741017 41.901964)
60652,19,43954,43960,87,471,198,1072.7,383,1759,872,4006.2,0.2,0.3,0,12,0,27.3,43907,60652-19,POINT (-87.714238 41.745398)
60652,24,43989,43995,9,714,20,1626.2,328,3682,747,8385.9,0,0.2,4,43,9.1,97.9,43907,60652-24,POINT (-87.714238 41.745398)
60652,12,43905,43911,12,12,27,27.3,32,37,73,84.3,0.4,0.3,0,0,0,0,43907,60652-12,POINT (-87.714238 41.745398)
60652,16,43933,43939,48,195,109,444.1,208,618,474,1407.5,0.2,0.3,3,9,6.8,20.5,43907,60652-16,POINT (-87.714238 41.745398)
60652,20,43961,43967,71,542,162,1234.4,429,2188,977,4983.3,0.2,0.2,9,21,20.5,47.8,43907,60652-20,POINT (-87.714238 41.745398)
60652,25,43996,44002,24,738,55,1680.8,306,3988,697,9082.8,0.1,0.2,2,45,4.6,102.5,43907,60652-25,POINT (-87.714238 41.745398)
60652,21,43968,43974,83,625,189,1423.5,499,2687,1136,6119.8,0.2,0.2,1,22,2.3,50.1,43907,60652-21,POINT (-87.714238 41.745398)
60652,15,43926,43932,44,147,100,334.8,126,410,287,933.8,0.3,0.4,3,6,6.8,13.7,43907,60652-15,POINT (-87.714238 41.745398)
60652,14,43919,43925,54,103,123,234.6,143,284,326,646.8,0.4,0.4,2,3,4.6,6.8,43907,60652-14,POINT (-87.714238 41.745398)
60652,22,43975,43981,41,666,93,1516.8,371,3058,845,6964.7,0.1,0.2,6,28,13.7,63.8,43907,60652-22,POINT (-87.714238 41.745398)
60652,18,43947,43953,115,384,262,874.6,461,1376,1050,3133.9,0.2,0.3,2,12,4.6,27.3,43907,60652-18,POINT (-87.714238 41.745398)
60652,13,43912,43918,37,49,84,111.6,104,141,237,321.1,0.4,0.3,1,1,2.3,2.3,43907,60652-13,POINT (-87.714238 41.745398)
60652,23,43982,43988,39,705,89,1605.7,296,3354,674,7638.9,0.1,0.2,11,39,25.1,88.8,43907,60652-23,POINT (-87.714238 41.745398)
60652,17,43940,43946,74,269,168,612.7,297,915,676,2084,0.2,0.3,1,10,2.3,22.8,43907,60652-17,POINT (-87.714238 41.745398)
60653,23,43982,43988,13,420,41,1313.6,252,3095,788,9680.3,0.1,0.1,1,30,3.1,93.8,31972,60653-23,POINT (-87.611244 41.819261)
60653,15,43926,43932,55,164,172,512.9,167,512,522,1601.4,0.3,0.3,7,10,21.9,31.3,31972,60653-15,POINT (-87.611244 41.819261)
60653,19,43954,43960,37,312,116,975.9,306,1468,957,4591.5,0.1,0.2,3,24,9.4,75.1,31972,60653-19,POINT (-87.611244 41.819261)
60653,24,43989,43995,10,430,31,1344.9,397,3492,1242,10922.1,0,0.1,0,30,0,93.8,31972,60653-24,POINT (-87.611244 41.819261)
60653,14,43919,43925,43,109,134,340.9,137,345,428,1079.1,0.3,0.3,3,3,9.4,9.4,31972,60653-14,POINT (-87.611244 41.819261)
60653,18,43947,43953,36,275,113,860.1,227,1162,710,3634.4,0.2,0.2,3,21,9.4,65.7,31972,60653-18,POINT (-87.611244 41.819261)
60653,20,43961,43967,44,356,138,1113.5,412,1880,1289,5880.1,0.1,0.2,2,26,6.3,81.3,31972,60653-20,POINT (-87.611244 41.819261)
60653,13,43912,43918,44,66,138,206.4,120,208,375,650.6,0.4,0.3,0,0,0,0,31972,60653-13,POINT (-87.611244 41.819261)
60653,25,43996,44002,9,439,28,1373.1,329,3821,1029,11951.1,0,0.1,1,31,3.1,97,31972,60653-25,POINT (-87.611244 41.819261)
60653,21,43968,43974,35,391,110,1222.9,622,2502,1946,7825.6,0.1,0.2,2,28,6.3,87.6,31972,60653-21,POINT (-87.611244 41.819261)
60653,17,43940,43946,40,239,125,747.5,248,935,776,2924.4,0.2,0.3,6,18,18.8,56.3,31972,60653-17,POINT (-87.611244 41.819261)
60653,12,43905,43911,22,22,69,68.8,82,88,256,275.2,0.3,0.2,0,0,0,0,31972,60653-12,POINT (-87.611244 41.819261)
60653,16,43933,43939,35,199,110,622.4,175,687,547,2148.8,0.2,0.3,2,12,6.3,37.5,31972,60653-16,POINT (-87.611244 41.819261)
60653,22,43975,43981,16,407,50,1273,341,2843,1067,8892.2,0,0.1,1,29,3.1,90.7,31972,60653-22,POINT (-87.611244 41.819261)
60654,19,43954,43960,5,109,26,569.6,93,505,486,2639.1,0.1,0.2,0,0,0,0,19135,60654-19,POINT (-87.63635400000001 41.892485)
60654,24,43989,43995,2,129,10,674.2,173,1157,904,6046.5,0,0.1,0,1,0,5.2,19135,60654-24,POINT (-87.63635400000001 41.892485)
60654,12,43905,43911,13,16,68,83.6,51,61,266,318.8,0.3,0.3,0,0,0,0,19135,60654-12,POINT (-87.63635400000001 41.892485)
60654,16,43933,43939,17,95,89,496.5,60,285,314,1489.4,0.3,0.3,0,0,0,0,19135,60654-16,POINT (-87.63635400000001 41.892485)
60654,20,43961,43967,6,115,31,601,118,623,617,3255.8,0.1,0.2,1,1,5.2,5.2,19135,60654-20,POINT (-87.63635400000001 41.892485)
60654,25,43996,44002,8,137,42,716,187,1344,977,7023.8,0,0.1,0,1,0,5.2,19135,60654-25,POINT (-87.63635400000001 41.892485)
60654,15,43926,43932,38,78,199,407.6,79,225,413,1175.9,0.5,0.3,0,0,0,0,19135,60654-15,POINT (-87.63635400000001 41.892485)
60654,14,43919,43925,9,40,47,209,37,146,193,763,0.2,0.3,0,0,0,0,19135,60654-14,POINT (-87.63635400000001 41.892485)
60654,21,43968,43974,5,120,26,627.1,131,754,685,3940.4,0,0.2,0,1,0,5.2,19135,60654-21,POINT (-87.63635400000001 41.892485)
60654,22,43975,43981,4,124,21,648,114,868,596,4536.2,0,0.1,0,1,0,5.2,19135,60654-22,POINT (-87.63635400000001 41.892485)
60654,18,43947,43953,3,104,16,543.5,68,412,355,2153.1,0,0.3,0,0,0,0,19135,60654-18,POINT (-87.63635400000001 41.892485)
60654,23,43982,43988,3,127,16,663.7,116,984,606,5142.4,0,0.1,0,1,0,5.2,19135,60654-23,POINT (-87.63635400000001 41.892485)
60654,17,43940,43946,6,101,31,527.8,59,344,308,1797.8,0.1,0.3,0,0,0,0,19135,60654-17,POINT (-87.63635400000001 41.892485)
60654,13,43912,43918,15,31,78,162,48,109,251,569.6,0.3,0.3,0,0,0,0,19135,60654-13,POINT (-87.63635400000001 41.892485)
60655,23,43982,43988,3,193,10,670,137,2330,476,8089.2,0,0.1,1,9,3.5,31.2,28804,60655-23,POINT (-87.701434 41.696456)
60655,15,43926,43932,28,91,97,315.9,186,512,646,1777.5,0.2,0.2,2,3,6.9,10.4,28804,60655-15,POINT (-87.701434 41.696456)
60655,19,43954,43960,14,170,49,590.2,203,1405,705,4877.8,0.1,0.1,0,7,0,24.3,28804,60655-19,POINT (-87.701434 41.696456)
60655,14,43919,43925,30,63,104,218.7,153,326,531,1131.8,0.2,0.2,1,1,3.5,3.5,28804,60655-14,POINT (-87.701434 41.696456)
60655,24,43989,43995,0,193,0,670,243,2573,844,8932.8,0,0.1,0,9,0,31.2,28804,60655-24,POINT (-87.701434 41.696456)
60655,18,43947,43953,17,156,59,541.6,240,1202,833,4173,0.1,0.1,1,7,3.5,24.3,28804,60655-18,POINT (-87.701434 41.696456)
60655,13,43912,43918,29,33,101,114.6,138,173,479,600.6,0.2,0.2,0,0,0,0,28804,60655-13,POINT (-87.701434 41.696456)
60655,20,43961,43967,10,180,35,624.9,192,1597,667,5544.4,0.1,0.1,0,7,0,24.3,28804,60655-20,POINT (-87.701434 41.696456)
60655,25,43996,44002,0,193,0,670,273,2846,948,9880.6,0,0.1,0,9,0,31.2,28804,60655-25,POINT (-87.701434 41.696456)
60655,21,43968,43974,6,186,21,645.7,262,1859,910,6454,0,0.1,0,7,0,24.3,28804,60655-21,POINT (-87.701434 41.696456)
60655,17,43940,43946,21,139,73,482.6,209,962,726,3339.8,0.1,0.1,2,6,6.9,20.8,28804,60655-17,POINT (-87.701434 41.696456)
60655,22,43975,43981,4,190,14,659.6,334,2193,1160,7613.5,0,0.1,1,8,3.5,27.8,28804,60655-22,POINT (-87.701434 41.696456)
60655,16,43933,43939,27,118,94,409.7,241,753,837,2614.2,0.1,0.2,1,4,3.5,13.9,28804,60655-16,POINT (-87.701434 41.696456)
60656,24,43989,43995,9,226,33,819.5,187,2089,678,7574.6,0,0.1,0,5,0,18.1,27579,60656-24,POINT (-87.817934 41.974566)
60656,19,43954,43960,21,148,76,536.6,177,1116,642,4046.6,0.1,0.1,0,5,0,18.1,27579,60656-19,POINT (-87.817934 41.974566)
60656,16,43933,43939,20,78,72,282.8,141,614,511,2226.3,0.1,0.1,2,4,7.3,14.5,27579,60656-16,POINT (-87.817934 41.974566)
60656,12,43905,43911,4,5,14,18.1,24,28,87,101.5,0.2,0.2,0,0,0,0,27579,60656-12,POINT (-87.817934 41.974566)
60656,25,43996,44002,4,230,14,834,196,2285,711,8285.3,0,0.1,2,7,7.3,25.4,27579,60656-25,POINT (-87.817934 41.974566)
60656,20,43961,43967,21,169,76,612.8,190,1306,689,4735.5,0.1,0.1,0,5,0,18.1,27579,60656-20,POINT (-87.817934 41.974566)
60656,15,43926,43932,18,58,65,210.3,170,473,616,1715.1,0.1,0.1,0,2,0,7.3,27579,60656-15,POINT (-87.817934 41.974566)
60656,21,43968,43974,22,191,80,692.6,196,1502,711,5446.2,0.1,0.1,0,5,0,18.1,27579,60656-21,POINT (-87.817934 41.974566)
60656,14,43919,43925,18,40,65,145,133,303,482,1098.7,0.1,0.1,2,2,7.3,7.3,27579,60656-14,POINT (-87.817934 41.974566)
60656,18,43947,43953,25,127,91,460.5,167,939,606,3404.8,0.2,0.1,1,5,3.6,18.1,27579,60656-18,POINT (-87.817934 41.974566)
60656,23,43982,43988,11,217,40,786.8,177,1902,642,6896.6,0.1,0.1,0,5,0,18.1,27579,60656-23,POINT (-87.817934 41.974566)
60656,22,43975,43981,15,206,54,746.9,223,1725,809,6254.8,0.1,0.1,0,5,0,18.1,27579,60656-22,POINT (-87.817934 41.974566)
60656,13,43912,43918,17,22,62,79.8,142,170,515,616.4,0.1,0.1,0,0,0,0,27579,60656-13,POINT (-87.817934 41.974566)
60656,17,43940,43946,24,102,87,369.8,158,772,573,2799.2,0.2,0.1,0,4,0,14.5,27579,60656-17,POINT (-87.817934 41.974566)
60657,23,43982,43988,6,293,9,418.3,388,3550,554,5067.7,0,0.1,0,24,0,34.3,70052,60657-23,POINT (-87.658216 41.939715)
60657,15,43926,43932,29,139,41,198.4,172,661,246,943.6,0.2,0.2,2,2,2.9,2.9,70052,60657-15,POINT (-87.658216 41.939715)
60657,11,43898,43904,13,14,19,20,37,41,53,58.5,0.4,0.3,0,0,0,0,70052,60657-11,POINT (-87.658216 41.939715)
60657,24,43989,43995,9,302,13,431.1,675,4225,964,6031.2,0,0.1,1,25,1.4,35.7,70052,60657-24,POINT (-87.658216 41.939715)
60657,14,43919,43925,30,110,43,157,155,489,221,698.1,0.2,0.2,0,0,0,0,70052,60657-14,POINT (-87.658216 41.939715)
60657,19,43954,43960,21,232,30,331.2,263,1565,375,2234.1,0.1,0.1,2,16,2.9,22.8,70052,60657-19,POINT (-87.658216 41.939715)
60657,18,43947,43953,30,211,43,301.2,256,1302,365,1858.6,0.1,0.2,4,14,5.7,20,70052,60657-18,POINT (-87.658216 41.939715)
60657,25,43996,44002,6,308,9,439.7,600,4825,856,6887.7,0,0.1,2,27,2.9,38.5,70052,60657-25,POINT (-87.658216 41.939715)
60657,20,43961,43967,23,255,33,364,421,1986,601,2835,0.1,0.1,3,19,4.3,27.1,70052,60657-20,POINT (-87.658216 41.939715)
60657,13,43912,43918,37,80,53,114.2,152,334,217,476.8,0.2,0.2,0,0,0,0,70052,60657-13,POINT (-87.658216 41.939715)
60657,17,43940,43946,25,181,36,258.4,214,1046,306,1493.2,0.1,0.2,4,10,5.7,14.3,70052,60657-17,POINT (-87.658216 41.939715)
60657,21,43968,43974,21,276,30,394,797,2783,1138,3972.8,0,0.1,4,23,5.7,32.8,70052,60657-21,POINT (-87.658216 41.939715)
60657,16,43933,43939,17,156,24,222.7,171,832,244,1187.7,0.1,0.2,4,6,5.7,8.6,70052,60657-16,POINT (-87.658216 41.939715)
60657,22,43975,43981,11,287,16,409.7,379,3162,541,4513.8,0,0.1,1,24,1.4,34.3,70052,60657-22,POINT (-87.658216 41.939715)
60657,12,43905,43911,29,43,41,61.4,141,182,201,259.8,0.2,0.2,0,0,0,0,70052,60657-12,POINT (-87.658216 41.939715)
60659,19,43954,43960,76,475,185,1156.6,293,1523,714,3708.5,0.3,0.3,5,28,12.2,68.2,41068,60659-19,POINT (-87.703266 41.99080300000001)
60659,24,43989,43995,27,672,66,1636.3,321,2923,782,7117.5,0.1,0.2,0,39,0,95,41068,60659-24,POINT (-87.703266 41.99080300000001)
60659,16,43933,43939,74,247,180,601.4,210,694,511,1689.9,0.4,0.4,6,13,14.6,31.7,41068,60659-16,POINT (-87.703266 41.99080300000001)
60659,23,43982,43988,21,645,51,1570.6,231,2602,562,6335.8,0.1,0.2,2,39,4.9,95,41068,60659-23,POINT (-87.703266 41.99080300000001)
60659,12,43905,43911,19,20,46,48.7,60,66,146,160.7,0.3,0.3,0,0,0,0,41068,60659-12,POINT (-87.703266 41.99080300000001)
60659,25,43996,44002,20,692,49,1685,369,3292,898,8016,0.1,0.2,1,40,2.4,97.4,41068,60659-25,POINT (-87.703266 41.99080300000001)
60659,20,43961,43967,48,523,117,1273.5,292,1815,711,4419.5,0.2,0.3,6,34,14.6,82.8,41068,60659-20,POINT (-87.703266 41.99080300000001)
60659,15,43926,43932,54,173,132,421.3,139,484,338,1178.5,0.4,0.4,3,7,7.3,17,41068,60659-15,POINT (-87.703266 41.99080300000001)
60659,21,43968,43974,51,574,124,1397.7,278,2093,677,5096.4,0.2,0.3,2,36,4.9,87.7,41068,60659-21,POINT (-87.703266 41.99080300000001)
60659,14,43919,43925,61,119,148,289.8,153,345,373,840.1,0.4,0.3,3,4,7.3,9.7,41068,60659-14,POINT (-87.703266 41.99080300000001)
60659,18,43947,43953,78,399,190,971.6,300,1230,730,2995,0.3,0.3,3,23,7.3,56,41068,60659-18,POINT (-87.703266 41.99080300000001)
60659,22,43975,43981,50,624,122,1519.4,278,2371,677,5773.4,0.2,0.3,1,37,2.4,90.1,41068,60659-22,POINT (-87.703266 41.99080300000001)
60659,13,43912,43918,38,58,92,141.2,126,192,307,467.5,0.3,0.3,1,1,2.4,2.4,41068,60659-13,POINT (-87.703266 41.99080300000001)
60659,17,43940,43946,74,321,180,781.6,236,930,575,2264.5,0.3,0.3,7,20,17,48.7,41068,60659-17,POINT (-87.703266 41.99080300000001)
60660,22,43975,43981,31,366,72,846.4,340,2029,786,4692.2,0.1,0.2,0,37,0,85.6,43242,60660-22,POINT (-87.666362 41.991062)
60660,23,43982,43988,19,385,44,890.3,292,2321,675,5367.5,0.1,0.2,0,37,0,85.6,43242,60660-23,POINT (-87.666362 41.991062)
60660,15,43926,43932,46,106,106,245.1,132,370,305,855.6,0.3,0.3,1,2,2.3,4.6,43242,60660-15,POINT (-87.666362 41.991062)
60660,24,43989,43995,9,394,21,911.2,399,2720,923,6290.2,0,0.1,1,38,2.3,87.9,43242,60660-24,POINT (-87.666362 41.991062)
60660,19,43954,43960,33,277,76,640.6,186,1187,430,2745,0.2,0.2,10,30,23.1,69.4,43242,60660-19,POINT (-87.666362 41.991062)
60660,14,43919,43925,26,60,60,138.8,83,238,192,550.4,0.3,0.3,1,1,2.3,2.3,43242,60660-14,POINT (-87.666362 41.991062)
60660,18,43947,43953,40,244,92,564.3,245,1001,567,2314.9,0.2,0.2,3,20,6.9,46.3,43242,60660-18,POINT (-87.666362 41.991062)
60660,20,43961,43967,24,301,56,696.1,249,1436,576,3320.8,0.1,0.2,5,35,11.6,80.9,43242,60660-20,POINT (-87.666362 41.991062)
60660,25,43996,44002,13,407,30,941.2,641,3361,1482,7772.5,0,0.1,1,39,2.3,90.2,43242,60660-25,POINT (-87.666362 41.991062)
60660,13,43912,43918,18,34,42,78.6,92,155,213,358.4,0.2,0.2,0,0,0,0,43242,60660-13,POINT (-87.666362 41.991062)
60660,17,43940,43946,38,204,88,471.8,196,756,453,1748.3,0.2,0.3,8,17,18.5,39.3,43242,60660-17,POINT (-87.666362 41.991062)
60660,21,43968,43974,34,335,79,774.7,253,1689,585,3905.9,0.1,0.2,2,37,4.6,85.6,43242,60660-21,POINT (-87.666362 41.991062)
60660,16,43933,43939,60,166,139,383.9,190,560,439,1295,0.3,0.3,7,9,16.2,20.8,43242,60660-16,POINT (-87.666362 41.991062)
60660,12,43905,43911,12,16,28,37,52,63,120,145.7,0.2,0.3,0,0,0,0,43242,60660-12,POINT (-87.666362 41.991062)
60661,23,43982,43988,0,30,0,302.2,58,441,584,4442.9,0,0.1,0,0,0,0,9926,60661-23,POINT (-87.644283 41.882786)
60661,16,43933,43939,1,16,10,161.2,25,103,252,1037.7,0,0.2,0,0,0,0,9926,60661-16,POINT (-87.644283 41.882786)
60661,19,43954,43960,4,26,40,261.9,47,210,474,2115.7,0.1,0.1,0,0,0,0,9926,60661-19,POINT (-87.644283 41.882786)
60661,24,43989,43995,1,31,10,312.3,76,517,766,5208.5,0,0.1,0,0,0,0,9926,60661-24,POINT (-87.644283 41.882786)
60661,15,43926,43932,2,15,20,151.1,14,78,141,785.8,0.1,0.2,0,0,0,0,9926,60661-15,POINT (-87.644283 41.882786)
60661,25,43996,44002,2,33,20,332.5,81,598,816,6024.6,0,0.1,0,0,0,0,9926,60661-25,POINT (-87.644283 41.882786)
60661,20,43961,43967,2,28,20,282.1,68,278,685,2800.7,0,0.1,0,0,0,0,9926,60661-20,POINT (-87.644283 41.882786)
60661,18,43947,43953,3,22,30,221.6,31,163,312,1642.2,0.1,0.1,0,0,0,0,9926,60661-18,POINT (-87.644283 41.882786)
60661,14,43919,43925,2,13,20,131,13,64,131,644.8,0.2,0.2,0,0,0,0,9926,60661-14,POINT (-87.644283 41.882786)
60661,21,43968,43974,2,30,20,302.2,56,334,564,3364.9,0,0.1,0,0,0,0,9926,60661-21,POINT (-87.644283 41.882786)
60661,17,43940,43946,3,19,30,191.4,29,132,292,1329.8,0.1,0.1,0,0,0,0,9926,60661-17,POINT (-87.644283 41.882786)
60661,13,43912,43918,8,11,81,110.8,29,51,292,513.8,0.3,0.2,0,0,0,0,9926,60661-13,POINT (-87.644283 41.882786)
60661,22,43975,43981,0,30,0,302.2,49,383,494,3858.6,0,0.1,0,0,0,0,9926,60661-22,POINT (-87.644283 41.882786)
60707,23,43982,43988,13,186,30,432.4,131,1508,304,3505.4,0.1,0.1,0,10,0,23.2,43019,60707-23,POINT (-87.808283 41.921777)
60707,16,43933,43939,5,35,12,81.4,100,287,232,667.1,0,0.1,1,2,2.3,4.6,43019,60707-16,POINT (-87.808283 41.921777)
60707,19,43954,43960,34,95,79,220.8,266,813,618,1889.9,0.1,0.1,5,7,11.6,16.3,43019,60707-19,POINT (-87.808283 41.921777)
60707,24,43989,43995,11,197,26,457.9,134,1642,312,3816.9,0.1,0.1,0,10,0,23.2,43019,60707-24,POINT (-87.808283 41.921777)
60707,15,43926,43932,8,30,19,69.7,74,187,172,434.7,0.1,0.2,0,1,0,2.3,43019,60707-15,POINT (-87.808283 41.921777)
60707,20,43961,43967,32,127,74,295.2,195,1008,453,2343.2,0.2,0.1,0,7,0,16.3,43019,60707-20,POINT (-87.808283 41.921777)
60707,18,43947,43953,17,61,40,141.8,135,547,314,1271.5,0.1,0.1,0,2,0,4.6,43019,60707-18,POINT (-87.808283 41.921777)
60707,25,43996,44002,6,203,14,471.9,136,1778,316,4133.1,0,0.1,0,10,0,23.2,43019,60707-25,POINT (-87.808283 41.921777)
60707,14,43919,43925,8,22,19,51.1,49,113,114,262.7,0.2,0.2,0,1,0,2.3,43019,60707-14,POINT (-87.808283 41.921777)
60707,21,43968,43974,32,159,74,369.6,200,1208,465,2808.1,0.2,0.1,2,9,4.6,20.9,43019,60707-21,POINT (-87.808283 41.921777)
60707,13,43912,43918,13,14,30,32.5,49,64,114,148.8,0.3,0.2,1,1,2.3,2.3,43019,60707-13,POINT (-87.808283 41.921777)
60707,22,43975,43981,14,173,32,402.1,169,1377,393,3200.9,0.1,0.1,1,10,2.3,23.2,43019,60707-22,POINT (-87.808283 41.921777)
60707,17,43940,43946,9,44,21,102.3,125,412,291,957.7,0.1,0.1,0,2,0,4.6,43019,60707-17,POINT (-87.808283 41.921777)
60827,15,43926,43932,2,14,7,49,10,44,35,154,0.2,0.3,0,1,0,3.5,28577,60827-15,POINT (-87.633087 41.650765)
60827,22,43975,43981,7,45,24,157.5,43,278,150,972.8,0.2,0.2,0,4,0,14,28577,60827-22,POINT (-87.633087 41.650765)
60827,23,43982,43988,2,47,7,164.5,18,296,63,1035.8,0.1,0.2,0,4,0,14,28577,60827-23,POINT (-87.633087 41.650765)
60827,18,43947,43953,4,23,14,80.5,43,132,150,461.9,0.1,0.2,0,2,0,7,28577,60827-18,POINT (-87.633087 41.650765)
60827,19,43954,43960,4,27,14,94.5,24,156,84,545.9,0.2,0.2,1,3,3.5,10.5,28577,60827-19,POINT (-87.633087 41.650765)
60827,14,43919,43925,1,12,4,42,11,34,38,119,0.1,0.4,1,1,3.5,3.5,28577,60827-14,POINT (-87.633087 41.650765)
60827,24,43989,43995,1,48,4,168,26,322,91,1126.8,0,0.1,0,4,0,14,28577,60827-24,POINT (-87.633087 41.650765)
60827,13,43912,43918,8,11,28,38.5,15,23,52,80.5,0.5,0.5,0,0,0,0,28577,60827-13,POINT (-87.633087 41.650765)
60827,25,43996,44002,0,48,0,168,26,348,91,1217.8,0,0.1,0,4,0,14,28577,60827-25,POINT (-87.633087 41.650765)
60827,20,43961,43967,8,35,28,122.5,37,193,130,675.4,0.2,0.2,1,4,3.5,14,28577,60827-20,POINT (-87.633087 41.650765)
60827,17,43940,43946,5,19,18,66.5,31,89,108,311.4,0.2,0.2,1,2,3.5,7,28577,60827-17,POINT (-87.633087 41.650765)
60827,16,43933,43939,0,14,0,49,14,58,49,203,0,0.2,0,1,0,3.5,28577,60827-16,POINT (-87.633087 41.650765)
60827,21,43968,43974,3,38,10,133,42,235,147,822.3,0.1,0.2,0,4,0,14,28577,60827-21,POINT (-87.633087 41.650765)
